START TIME: $(date)
[Tue May 26 15:56:47 CEST 2026] WANDB enabled.
CMD: torchrun --nproc-per-node 4 --nnodes 1 --rdzv_endpoint nid006630:25678 --rdzv_backend c10d --max_restarts 0 --tee 3 /iopsstor/scratch/cscs/course_00207/lsaie-ss26-gipfelsturm/pretrain_gpt_liger.py     --transformer-impl transformer_engine --use-precision-aware-optimizer --main-grads-dtype bf16     --num-layers 32 --hidden-size 4096 --ffn-hidden-size 14336 --num-attention-heads 32 --group-query-attention --num-query-groups 8 --max-position-embeddings 4096 --position-embedding-type rope --normalization RMSNorm --swiglu --untie-embeddings-and-output-weights --seq-length 4096     --micro-batch-size 2 --global-batch-size 256 --train-iters 50 --log-interval 1 --eval-interval 50 --eval-iters 0 --cross-entropy-loss-fusion --disable-bias-linear --optimizer adam --dataloader-type single --no-check-for-nan-in-loss-and-grad --manual-gc --manual-gc-interval 50          --attention-dropout 0.0 --hidden-dropout 0.0 --weight-decay 0.1 --clip-grad 1.0 --adam-beta1 0.9 --adam-beta2 0.95     --lr 3e-4 --lr-decay-style constant --lr-warmup-iters 10     --seed 42 --init-method-std 0.02     --bf16     --tensor-model-parallel-size 1 --pipeline-model-parallel-size 1 --use-distributed-optimizer --overlap-grad-reduce --overlap-param-gather     --log-throughput --log-progress     --tokenizer-type GPT2BPETokenizer --vocab-file /iopsstor/scratch/cscs/course_00207/lsaie-ss26-gipfelsturm/data/gpt2-vocab.json --merge-file /iopsstor/scratch/cscs/course_00207/lsaie-ss26-gipfelsturm/data/gpt2-merges.txt     --data-path /capstor/store/cscs/swissai/infra01/datasets/nvidia/Nemotron-ClimbMix/climbmix_small_megatron/climbmix_small --data-cache-path /iopsstor/scratch/cscs/course_00207/gipfelsturm/cache --split 99,1,0 --num-workers 1         --wandb-save-dir /iopsstor/scratch/cscs/course_00207/gipfelsturm/gipfelsturm/throughput-8b-1n         --wandb-project gipfelsturm         --wandb-exp-name throughput-8b-1n-2396831
0: [default3]:/usr/local/lib/python3.12/dist-packages/torch/library.py:357: UserWarning: Warning only once for all operators,  other operators may also be overridden.
0: [default3]:  Overriding a previously registered kernel for the same operator and the same dispatch key
0: [default0]:/usr/local/lib/python3.12/dist-packages/torch/library.py:357: UserWarning: Warning only once for all operators,  other operators may also be overridden.
0: [default0]:  Overriding a previously registered kernel for the same operator and the same dispatch key
0: [default0]:  operator: flash_attn::_flash_attn_backward(Tensor dout, Tensor q, Tensor k, Tensor v, Tensor out, Tensor softmax_lse, Tensor(a6!)? dq, Tensor(a7!)? dk, Tensor(a8!)? dv, float dropout_p, float softmax_scale, bool causal, SymInt window_size_left, SymInt window_size_right, float softcap, Tensor? alibi_slopes, bool deterministic, Tensor? rng_state=None) -> Tensor
0: [default2]:/usr/local/lib/python3.12/dist-packages/torch/library.py:357: UserWarning: Warning only once for all operators,  other operators may also be overridden.
0: [default3]:  operator: flash_attn::_flash_attn_backward(Tensor dout, Tensor q, Tensor k, Tensor v, Tensor out, Tensor softmax_lse, Tensor(a6!)? dq, Tensor(a7!)? dk, Tensor(a8!)? dv, float dropout_p, float softmax_scale, bool causal, SymInt window_size_left, SymInt window_size_right, float softcap, Tensor? alibi_slopes, bool deterministic, Tensor? rng_state=None) -> Tensor
0: [default1]:/usr/local/lib/python3.12/dist-packages/torch/library.py:357: UserWarning: Warning only once for all operators,  other operators may also be overridden.
0: [default0]:    registered at /usr/local/lib/python3.12/dist-packages/torch/_library/custom_ops.py:926
0: [default0]:  dispatch key: ADInplaceOrView
0: [default1]:  Overriding a previously registered kernel for the same operator and the same dispatch key
0: [default1]:  operator: flash_attn::_flash_attn_backward(Tensor dout, Tensor q, Tensor k, Tensor v, Tensor out, Tensor softmax_lse, Tensor(a6!)? dq, Tensor(a7!)? dk, Tensor(a8!)? dv, float dropout_p, float softmax_scale, bool causal, SymInt window_size_left, SymInt window_size_right, float softcap, Tensor? alibi_slopes, bool deterministic, Tensor? rng_state=None) -> Tensor
0: [default2]:  Overriding a previously registered kernel for the same operator and the same dispatch key
0: [default2]:  operator: flash_attn::_flash_attn_backward(Tensor dout, Tensor q, Tensor k, Tensor v, Tensor out, Tensor softmax_lse, Tensor(a6!)? dq, Tensor(a7!)? dk, Tensor(a8!)? dv, float dropout_p, float softmax_scale, bool causal, SymInt window_size_left, SymInt window_size_right, float softcap, Tensor? alibi_slopes, bool deterministic, Tensor? rng_state=None) -> Tensor
0: [default3]:    registered at /usr/local/lib/python3.12/dist-packages/torch/_library/custom_ops.py:926
0: [default3]:  dispatch key: ADInplaceOrView
0: [default2]:    registered at /usr/local/lib/python3.12/dist-packages/torch/_library/custom_ops.py:926
0: [default2]:  dispatch key: ADInplaceOrView
0: [default3]:  previous kernel: no debug info
0: [default2]:  previous kernel: no debug info
0: [default1]:    registered at /usr/local/lib/python3.12/dist-packages/torch/_library/custom_ops.py:926
0: [default1]:  dispatch key: ADInplaceOrView
0: [default0]:  previous kernel: no debug info
0: [default0]:       new kernel: registered at /usr/local/lib/python3.12/dist-packages/torch/_library/custom_ops.py:926 (Triggered internally at /opt/pytorch/pytorch/aten/src/ATen/core/dispatch/OperatorEntry.cpp:208.)
0: [default1]:  previous kernel: no debug info
0: [default3]:       new kernel: registered at /usr/local/lib/python3.12/dist-packages/torch/_library/custom_ops.py:926 (Triggered internally at /opt/pytorch/pytorch/aten/src/ATen/core/dispatch/OperatorEntry.cpp:208.)
0: [default3]:  self.m.impl(
0: [default0]:  self.m.impl(
0: [default1]:       new kernel: registered at /usr/local/lib/python3.12/dist-packages/torch/_library/custom_ops.py:926 (Triggered internally at /opt/pytorch/pytorch/aten/src/ATen/core/dispatch/OperatorEntry.cpp:208.)
0: [default1]:  self.m.impl(
0: [default2]:       new kernel: registered at /usr/local/lib/python3.12/dist-packages/torch/_library/custom_ops.py:926 (Triggered internally at /opt/pytorch/pytorch/aten/src/ATen/core/dispatch/OperatorEntry.cpp:208.)
0: [default2]:  self.m.impl(
0: [default0]:[Liger-Kernel] Not installed — run: pip install liger-kernel
0: [default0]:[Liger-Kernel] Continuing without Liger optimizations.
0: [default3]:[Liger-Kernel] Not installed — run: pip install liger-kernel
0: [default3]:[Liger-Kernel] Continuing without Liger optimizations.
0: [default2]:[Liger-Kernel] Not installed — run: pip install liger-kernel
0: [default2]:[Liger-Kernel] Continuing without Liger optimizations.
0: [default1]:[Liger-Kernel] Not installed — run: pip install liger-kernel
0: [default1]:[Liger-Kernel] Continuing without Liger optimizations.
0: [default0]:using world size: 4, data-parallel size: 4, context-parallel size: 1, hierarchical context-parallel sizes: None, tensor-model-parallel size: 1, pipeline-model-parallel size: 1
0: [default0]:/iopsstor/scratch/cscs/course_00207/lsaie-ss26-gipfelsturm/Megatron-LM/megatron/training/utils.py:411: UserWarning: Overriding default arguments for tokenizer_type:GPT2BPETokenizer with tokenizer_type:GPT2BPETokenizer
0: [default0]:  warnings.warn(message)
0: [default0]:Number of virtual stages per pipeline stage: None
0: [default0]:using torch.bfloat16 for parameters ...
0: [default0]:------------------------ arguments ------------------------
0: [default0]:  account_for_embedding_in_pipeline_split ......... False
0: [default0]:  account_for_loss_in_pipeline_split .............. False
0: [default0]:  accumulate_allreduce_grads_in_fp32 .............. False
0: [default0]:  activation_func_clamp_value ..................... None
0: [default0]:  adam_beta1 ...................................... 0.9
0: [default0]:  adam_beta2 ...................................... 0.95
0: [default0]:  adam_eps ........................................ 1e-08
0: [default0]:  add_bias_linear ................................. False
0: [default0]:  add_position_embedding .......................... True
0: [default0]:  add_qkv_bias .................................... False
0: [default0]:  adlr_autoresume ................................. False
0: [default0]:  adlr_autoresume_interval ........................ 1000
0: [default0]:  align_grad_reduce ............................... True
0: [default0]:  align_param_gather .............................. False
0: [default0]:  allow_ambiguous_pad_tokens ...................... False
0: [default0]:  app_tag_run_name ................................ None
0: [default0]:  app_tag_run_version ............................. 0.0.0
0: [default0]:  apply_query_key_layer_scaling ................... False
0: [default0]:  apply_residual_connection_post_layernorm ........ False
0: [default0]:  apply_rope_fusion ............................... True
0: [default0]:  apply_wd_to_qk_layernorm ........................ False
0: [default0]:  async_save ...................................... False
0: [default0]:  async_tensor_model_parallel_allreduce ........... True
0: [default0]:  attention_backend ............................... AttnBackend.auto
0: [default0]:  attention_dropout ............................... 0.0
0: [default0]:  attention_output_gate ........................... False
0: [default0]:  attention_softmax_in_fp32 ....................... False
0: [default0]:  auto_detect_ckpt_format ......................... False
0: [default0]:  barrier_with_L1_time ............................ True
0: [default0]:  batch_invariant_mode ............................ False
0: [default0]:  bert_binary_head ................................ True
0: [default0]:  bert_embedder_type .............................. megatron
0: [default0]:  bert_load ....................................... None
0: [default0]:  bf16 .................................
0: ........... True
0: [default0]:  bias_dropout_fusion ............................. True
0: [default0]:  bias_gelu_fusion ................................ False
0: [default0]:  bias_swiglu_fusion .............................. True
0: [default0]:  biencoder_projection_dim ........................ 0
0: [default0]:  biencoder_shared_query_context_model ............ False
0: [default0]:  block_data_path ................................. None
0: [default0]:  cache_mla_latents ............................... False
0: [default0]:  calc_ft_timeouts ................................ False
0: [default0]:  calculate_per_token_loss ........................ False
0: [default0]:  check_for_large_grads ........................... False
0: [default0]:  check_for_nan_in_loss_and_grad .................. False
0: [default0]:  check_for_spiky_loss ............................ False
0: [default0]:  check_weight_hash_across_dp_replicas_interval ... None
0: [default0]:  ckpt_assume_constant_structure .................. False
0: [default0]:  ckpt_convert_format ............................. None
0: [default0]:  ckpt_convert_save ............................... None
0: [default0]:  ckpt_convert_update_legacy_dist_opt_format ...... False
0: [default0]:  ckpt_format ..................................... torch_dist
0: [default0]:  ckpt_fully_parallel_load ........................ False
0: [default0]:  ckpt_fully_parallel_save ........................ True
0: [default0]:  ckpt_fully_parallel_save_deprecated ............. False
0: [default0]:  ckpt_step ....................................... None
0: [default0]:  classes_fraction ............................
0: .... 1.0
0: [default0]:  clip_grad ....................................... 1.0
0: [default0]:  clone_scatter_output_in_embedding ............... True
0: [default0]:  config_logger_dir ............................... 
0: [default0]:  consumed_train_samples .......................... 0
0: [default0]:  consumed_valid_samples .......................... 0
0: [default0]:  context_parallel_size ........................... 1
0: [default0]:  cp_comm_type .................................... ['p2p']
0: [default0]:  cpu_offloading_num_layers ....................... 0
0: [default0]:  create_all_gather_group ......................... False
0: [default0]:  create_attention_mask_in_dataloader ............. True
0: [default0]:  cross_entropy_fusion_impl ....................... native
0: [default0]:  cross_entropy_loss_fusion ....................... True
0: [default0]:  cuda_graph_impl ................................. none
0: [default0]:  cuda_graph_scope ................................ []
0: [default0]:  cuda_graph_warmup_steps ......................... 3
0: [default0]:  data_args_path .................................. None
0: [default0]:  data_cache_path ................................. /iopsstor/scratch/cscs/course_00207/gipfelsturm/cache
0: [default0]:  data_parallel_random_init ....................... False
0: [default0]:  data_parallel_sharding_strategy ................. no_shard
0: [default0]:  data_parallel_size .............................. 4
0: [default0]:  data_path ....................................... ['/capstor/store/cscs/swissai/infra01/datasets/nvidia/Nemotron-ClimbMix/climbmix_small_megatron/climbmix_small']
0: [default0]:  data_per_class_fraction ......................... 1.0
0: [default0]:  data_sharding ................................... True
0: [default0]:  dataloader_defer_npy_index_mmap ................. False
0: [default0]:  dataloader_fast_cache_load ...................... False
0: [default0]:  dataloader_type ................................. single
0: [default0]:  ddp_average_in_collective ....................... False
0: [default0]:  ddp_bucket_size ................................. None
0: [default0]:  ddp_num_buckets ................................. None
0: [default0]:  ddp_pad_buckets_for_high_nccl_busbw ............. False
0: [default0]:  ddp_reduce_scatter_with_fp32_accumulation ....... False
0: [default0]:  decode_only_cuda_graphs ......................... False
0: [default0]:  decoder_first_pipeline_num_layers ............... None
0: [default0]:  decoder_last_pipeline_num_layers ................ None
0: [default0]:  decoder_num_layers .............................. None
0: [default0]:  decoder_seq_length .............................. None
0: [default0]:  decoupled_lr .................................... None
0: [default0]:  decoupled_min_lr ................................ None
0: [default0]:  decrease_batch_size_if_needed ................... False
0: [default0]:  defer_embedding_wgrad_compute ................... False
0: [default0]:  delay_wgrad_compute ............................. False
0: [default0]:  deprecated_use_mcore_models ..................... False
0: [default0]:  deterministic_mode .............................. False
0: [default0]:  dino_bottleneck_size ............................ 256
0: [default0]:  dino_freeze_last_layer .......................... 1
0: [default0]:  dino_head_hidden_size ........................... 2048
0: [default0]:  dino_local_crops_number ......................... 10
0: [default0]:  dino_local_img_size ............................. 96
0: [default0]:  dino_norm_last_layer ............................ False
0: [default0]:  dino_teacher_temp ............................... 0.07
0: [default0]:  dino_warmup_teacher_temp ........................ 0.04
0: [default0]:  dino_warmup_teacher_temp_epochs ................. 30
0: [default0]:  disable_bf16_reduced_precision_matmul ........... False
0: [default0]:  disable_chunked_prefill ......................... True
0: [default0]:  disable_jit_fuser ............................... False
0: [default0]:  disable_straggler_on_startup .................... False
0: [default0]:  disable_symmetric_registration .................. False
0: [default0]:  dist_ckpt_format_deprecated ..................... None
0: [default0]:  dist_ckpt_optim_fully_reshardable ............... False
0: [default0]:  dist_ckpt_save_pre_mcore_014 .................... False
0: [default0]:  dist_ckpt_strictness ............................ assume_ok_unexpected
0: [default0]:  distrib_optim_fully_reshardable_mem_efficient ... False
0: [default0]:  distribute_saved_activations .................... False
0: [default0]:  distributed_backend ............................. nccl
0: [default0]:  distributed_timeout_minutes ..................... 10
0: [default0]:  distributed_timeout_seconds_after_init .......... None
0: [default0]:  dsa_indexer_head_dim ............................ None
0: [default0]:  dsa_indexer_loss_coeff .......................... None
0: [default0]:  dsa_indexer_n_heads ............................. None
0: [default0]:  dsa_indexer_topk ................................ None
0: [default0]:  dsa_indexer_use_sparse_loss ..................... False
0: [default0]:  dump_param_to_param_group_map ................... None
0: [default0]:  embedding_init_method_std ....................... None
0: [default0]:  embedding_path .................................. None
0: [default0]:  empty_unused_memory_level ....................... 0
0: [default0]:  enable_cuda_graph ............................... False
0: [default0]:  enable_experimental ............................. False
0: [default0]:  enable_ft_package ............................... False
0: [default0]:  enable_full_sharding_in_hsdp .................... False
0: [default0]:  enable_gloo_process_groups ...................... True
0: [default0]:  enable_gpt_oss .................................. False
0: [default0]:  enable_msc ...................................... True
0: [default0]:  enable_one_logger ............................... True
0: [default0]:  encoder_num_layers .............................. 32
0: [default0]:  encoder_seq_length .............................. 4096
0: [default0]:  end_weight_decay ................................ 0.1
0: [default0]:  eod_mask_loss ................................... False
0: [default0]:  ep_overlap_early_attn_memory_release ............ False
0: [default0]:  error_injection_rate ............................ 0
0: [default0]:  error_injection_type ............................ transient_error
0: [default0]:  eval_interval ................................... 50
0: [default0]:  eval_iters ...................................... 0
0: [default0]:  evidence_data_path .............................. None
0: [default0]:  exit_duration_in_mins ........................... None
0: [default0]:  exit_interval ................................... None
0: [default0]:  exit_on_missing_checkpoint ...................... False
0: [default0]:  exit_signal ..................................... 15
0: [default0]:  exit_signal_handler ............................. False
0: [default0]:  exit_signal_handler_for_dataloader .............. False
0: [default0]:  exp_avg_dtype ................................... torch.float32
0: [default0]:  exp_avg_sq_dtype ................................ torch.float32
0: [default0]:  experimental_attention_variant .................. None
0: [default0]:  expert_model_parallel_size ...................... 1
0: [default0]:  expert_tensor_parallel_size ..................... 1
0: [default0]:  export_force_local_attention .................... False
0: [default0]:  export_kd_cfg ................................... None
0: [default0]:  export_kd_teacher_ckpt_format ................... None
0: [default0]:  export_kd_teacher_load .......................... None
0: [default0]:  export_kd_teacher_model_config .................. None
0: [default0]:  export_kv_cache_quant ........................... none
0: [default0]:  export_legacy_megatron .......................... False
0: [default0]:  export_model_type ............................... GPTModel
0: [default0]:  export_moe_apply_probs_on_input ................. False
0: [default0]:  export_offline_model ............................ False
0: [default0]:  export_qk_l2_norm ............................... False
0: [default0]:  export_quant_cfg ................................ None
0: [default0]:  export_real_quant_cfg ........................... None
0: [default0]:  export_te_mcore_model ........................... False
0: [default0]:  external_cuda_graph ............................. False
0: [default0]:  fake_process_group .............................. False
0: [default0]:  ffn_hidden_size ................................. 14336
0: [default0]:  fim_data ........................................ False
0: [default0]:  fim_eod_token ................................... <|endoftext|>
0: [default0]:  fim_fragment_rate ............................... None
0: [default0]:  fim_middle_token ................................ <fim_middle>
0: [default0]:  fim_no_prefix ................................... None
0: [default0]:  fim_pad_token ....................
0: ............... <fim_pad>
0: [default0]:  fim_prefix_token ................................ <fim_prefix>
0: [default0]:  fim_rate ........................................ 0.5
0: [default0]:  fim_split_sample ................................ None
0: [default0]:  fim_spm_rate .................................... 0.5
0: [default0]:  fim_suffix_token ................................ <fim_suffix>
0: [default0]:  fine_grained_activation_offloading .............. False
0: [default0]:  finetune ........................................ False
0: [default0]:  finetune_data_split ............................. train
0: [default0]:  finetune_hf_dataset ............................. None
0: [default0]:  first_last_layers_bf16 .......................... False
0: [default0]:  flash_decode .................................... False
0: [default0]:  fp16 ............................................ False
0: [default0]:  fp16_lm_cross_entropy ........................... False
0: [default0]:  fp32_residual_connection ........................ False
0: [default0]:  fp4 ............................................. None
0: [default0]:  fp4_param ....................................... False
0: [default0]:  fp4_quantizer_factory ........................... None
0: [default0]:  fp4_recipe ...................................... nvfp4
0: [default0]:  fp8 ............................................. None
0: [default0]:  fp8_amax_compute_algo ........................... most_recent
0: [default0]:  fp8_amax_history_len ............................ 1
0: [default0]:  fp8_interval .................................... 1
0: [default0]:  fp8_margin ...................................... 0
0: [default0]:  fp8_param_gather ................................ False
0: [default0]:  fp8_quantizer_factory ........................... None
0: [default0]:  fp8_recipe ...................................... delayed
0: [default0]:  fp8_wgrad ....................................... True
0: [default0]:  fsdp_double_buffer .............................. False
0: [default0]:  fsdp_manual_registration ........................ False
0: [default0]:  ft_num_warmup_iters ............................. 5
0: [default0]:  full_validation ................................. False
0: [default0]:  global_batch_size ............................... 256
0: [default0]:  glu_linear_offset ............................... 0.0
0: [default0]:  grad_reduce_in_bf16 ............................. False
0: [default0]:  gradient_accumulation_fusion .................... True
0: [default0]:  gradient_reduce_div_fusion ...................... True
0: [default0]:  group_query_attention ........................... True
0: [default0]:  grpo_clamp_eps_lower ............................ 0.01
0: [default0]:  grpo_clamp_eps_upper ............................ 0.01
0: [default0]:  grpo_entropy_term_weight ........................ 0.0
0: [default0]:  grpo_filter_groups_with_same_reward ............. False
0: [default0]:  grpo_group_size ................................. 2
0: [default0]:  grpo_iterations ................................. 2
0: [default0]:  grpo_kl_beta .................................... 0.001
0: [default0]:  grpo_prompts_per_step ........................... 32
0: [default0]:  head_lr_mult .................................... 1.0
0: [default0]:  heterogeneous_layers_config_encoded_json ........ None
0: [default0]:  heterogeneous_layers_config_path ................ None
0: [default0]:  hidden_dropout .................................. 0.0
0: [default0]:  hidden_size ..................................... 4096
0: [default0]:  hierarchical_context_parallel_sizes ............. None
0: [default0]:  high_priority_stream_groups ..................... []
0: [default0]:  hybrid_attention_ratio .......................... 0.0
0: [default0]:  hyb
0: rid_context_parallel ......................... False
0: [default0]:  hybrid_mlp_ratio ................................ 0.0
0: [default0]:  hybrid_override_pattern ......................... None
0: [default0]:  hysteresis ...................................... 2
0: [default0]:  ict_head_size ................................... None
0: [default0]:  ict_load ........................................ None
0: [default0]:  img_h ........................................... 224
0: [default0]:  img_w ........................................... 224
0: [default0]:  indexer_batch_size .............................. 128
0: [default0]:  indexer_log_interval ............................ 1000
0: [default0]:  inference_batch_times_seqlen_threshold .......... -1
0: [default0]:  inference_coordinator_port ...................... 12346
0: [default0]:  inference_dynamic_batching ...................... False
0: [default0]:  inference_dynamic_batching_block_size ........... 256
0: [default0]:  inference_dynamic_batching_buffer_size_gb ....... 40.0
0: [default0]:  inference_dynamic_batching_cuda_graph_max_tokens  16384
0: [default0]:  inference_dynamic_batching_cuda_graph_mixed_prefill_count  16
0: [default0]:  inference_dynamic_batching_max_requests ......... None
0: [default0]:  inference_dynamic_batching_max_tokens ........... None
0: [default0]:  inference_dynamic_batching_num_cuda_graphs ...... 16
0: [default0]:  inference_dynamic_batching_paused_buffer_size_gb  None
0: [default0]:  inference_dynamic_batching_track_paused_request_events  False
0: [default0]:  inference_dynamic_batching_unified_memory_level . 0
0: [default0]:  inference_fuse_tp_communication ................. False
0: [default0]:  inference_logging_step_interval ................. 0
0: [default0]:  inference_max_batch_size ........................ 8
0: [default0]:  inference_max_seq_length ........................ 2560
0: [default0]:  inference_rng_tracker ........................... False
0: [default0]:  inference_wandb_logging ......................... False
0: [default0]:  init_method_std ................................. 0.02
0: [default0]:  init_method_xavier_uniform ...................... False
0: [default0]:  init_model_with_meta_device ..................... False
0: [default0]:  initial_loss_scale .............................. 4294967296
0: [default0]:  inprocess_active_world_size ..................... 4
0: [default0]:  inprocess_barrier_timeout ....................... 120
0: [default0]:  inprocess_completion_timeout .................... 120
0: [default0]:  inprocess_empty_cuda_cache ...................... False
0: [default0]:  inprocess_granularity ........................... node
0: [default0]:  inprocess_hard_timeout .......................... 90
0: [default0]:  inprocess_heartbeat_interval .................... 30
0: [default0]:  inprocess_heartbeat_timeout ..................... 60
0: [default0]:  inprocess_last_call_wait ........................ 1
0: [default0]:  inprocess_max_iterations ........................ None
0: [default0]:  inprocess_monitor_process_interval .............. 1.0
0: [default0]:  inprocess_monitor_thread_interval ............... 1.0
0: [default0]:  inprocess_progress_watchdog_interval ............ 1.0
0: [default0]:  inprocess_restart ............................... False
0: [default0]:  inprocess_soft_timeout .......................... 60
0: [default0]:  inprocess_termination_grace_time ................ 1
0: [default0]:  is_hybrid_model ................................. False
0: [default0]:  iter_per_epoch .................................. 1250
0: [default0]:  iterations_to_skip .............................. []
0: [default0]:  keep_fp8_transpose_cache ........................ False
0: [default0]:  kitchen_attention_backend ....................... sdpa
0: [default0]:  kv_channels ..................................... 128
0: [default0]:  kv_lora_rank .................................... 32
0: [default0]:  langrl_env_config ............................... None
0: [default0]:  l
0: angrl_external_server .......................... False
0: [default0]:  langrl_inference_server_conversation_template ... None
0: [default0]:  langrl_inference_server_type .................... inplace_megatron
0: [default0]:  layernorm_epsilon ............................... 1e-05
0: [default0]:  layernorm_zero_centered_gamma ................... False
0: [default0]:  lazy_mpu_init ................................... None
0: [default0]:  legacy_tokenizer ................................ False
0: [default0]:  linear_attention_freq ........................... None
0: [default0]:  linear_conv_kernel_dim .......................... 4
0: [default0]:  linear_key_head_dim ............................. 128
0: [default0]:  linear_num_key_heads ............................ 16
0: [default0]:  linear_num_value_heads .......................... 32
0: [default0]:  linear_value_head_dim ........................... 128
0: [default0]:  load ............................................ None
0: [default0]:  load_main_params_from_ckpt ...................... False
0: [default0]:  local_rank ...................................... 0
0: [default0]:  log_device_memory_used .......................... False
0: [default0]:  log_energy ...................................... False
0: [default0]:  log_interval .................................... 1
0: [default0]:  log_loss_scale_to_tensorboard ................... True
0: [default0]:  log_max_attention_logit ......................... False
0: [default0]:  log_memory_interval ............................. None
0: [default0]:  log_memory_to_tensorboard ....................... False
0: [default0]:  log_num_zeros_in_grad ........................... False
0: [default0]:  log_params_norm ................................. False
0: [default0]:  log_progress .................................... True
0: [default0]:  log_straggler ................................... False
0: [default0]:  log_throughput .................................. True
0: [default0]:  log_timers_to_tensorboard ....................... False
0: [default0]:  log_validation_ppl_to_tensorboard ............... False
0: [default0]:  log_world_size_to_tensorboard ................... False
0: [default0]:  logging_level ................................... None
0: [default0]:  loss_scale ...................................... None
0: [default0]:  loss_scale_window ............................... 1000
0: [default0]:  lr .............................................. 0.0003
0: [default0]:  lr_decay_iters .................................. None
0: [default0]:  lr_decay_samples ................................ None
0: [default0]:  lr_decay_style .................................. constant
0: [default0]:  lr_warmup_fraction .............................. None
0: [default0]:  lr_warmup_init .................................. 0.0
0: [default0]:  lr_warmup_iters ................................. 10
0: [default0]:  lr_warmup_samples ............................... 0
0: [default0]:  lr_wsd_decay_iters .............................. None
0: [default0]:  lr_wsd_decay_samples ............................ None
0: [default0]:  lr_wsd_decay_style .............................. exponential
0: [default0]:  main_grads_dtype ................................ torch.bfloat16
0: [default0]:  main_params_dtype ............................... torch.float32
0: [default0]:  make_vocab_size_divisible_by .................... 128
0: [default0]:  mamba_head_dim .................................. 64
0: [default0]:  mamba_num_groups ................................ 8
0: [default0]:  mamba_num_heads ................................. None
0: [default0]:  mamba_state_dim ................................. 128
0: [default0]:  manual_gc ....................................... True
0: [default0]:  manual_gc_eval .................................. True
0: [default0]:  manual_gc_interval .............................. 50
0: [default0]:  mask_factor ..................................... 1.0
0: [default0]:  mask_prob ....................................... 0.15
0: [default0]:  mask_type ....................................... random
0: [default0]:  masked_softmax_fusion ........................... True
0: [default0]:  max_position_embeddings ......................... 4096
0: [default0]:  max_seqlen_per_dp_cp_rank ....................... None
0: [default0]:  max_tokens_to_oom ............................... 12000
0: [default0]:  memory_snapshot_path ............................ snapshot.pickle
0: [default0]:  merge_file ...................................... /iopsstor/scratch/cscs/course_00207/lsaie-ss26-gipfelsturm/data/gpt2-merges.txt
0: [default0]:  micro_batch_size ................................ 2
0: [default0]:  microbatch_group_size_per_vp_stage .............. None
0: [default0]:  mid_level_dataset_surplus ....................... 0.005
0: [default0]:  min_loss_scale .................................. 1.0
0: [default0]:  min_lr .......................................... 0.0
0: [default0]:  min_offloaded_tensor_size ....................... 1048576
0: [default0]:  mlp_chunks_for_prefill .......................... 1
0: [default0]:  mmap_bin_files .................................. True
0: [default0]:  mock_data ....................................... False
0: [default0]:  modelopt_enabled ................................ False
0: [default0]:  moe_apply_probs_on_input ........................ False
0: [default0]:  moe_aux_loss_coeff .............................. 0.0
0: [default0]:  moe_deepep_num_sms .............................. 20
0: [
0: default0]:  moe_enable_deepep ............................... False
0: [default0]:  moe_enable_routing_replay ....................... False
0: [default0]:  moe_expert_capacity_factor ...................... None
0: [default0]:  moe_extended_tp ................................. False
0: [default0]:  moe_ffn_hidden_size ............................. None
0: [default0]:  moe_flex_dispatcher_backend ..................... deepep
0: [default0]:  moe_grouped_gemm ................................ False
0: [default0]:  moe_hybridep_num_sms ............................ 16
0: [default0]:  moe_input_jitter_eps ............................ None
0: [default0]:  moe_latent_size ................................. None
0: [default0]:  moe_layer_freq .................................. 1
0: [default0]:  moe_layer_recompute ............................. False
0: [default0]:  moe_pad_expert_input_to_capacity ................ False
0: [default0]:  moe_pad_experts_for_cuda_graph_inference ........ False
0: [default0]:  moe_per_layer_logging ........................... False
0: [default0]:  moe_permute_fusion .............................. False
0: 
0: [default0]:  moe_router_bias_update_rate ..................... 0.001
0: [default0]:  moe_router_dtype ................................ None
0: [default0]:  moe_router_enable_expert_bias ................... False
0: [default0]:  moe_router_force_load_balancing ................. False
0: [default0]:  moe_router_fusion ............................... False
0: [default0]:  moe_router_group_topk ........................... None
0: [default0]:  moe_router_load_balancing_type .................. aux_loss
0: [default0]:  moe_router_num_groups ........................... None
0: [default0]:  moe_router_padding_for_fp8 ...................... False
0: [default0]:  moe_router_padding_for_quantization ............. False
0: [default0]:  moe_router_pre_softmax .......................... False
0: [default0]:  moe_router_score_function ....................... softmax
0: [default0]:  moe_router_topk ................................. 2
0: [default0]:  moe_router_topk_scaling_factor .................. None
0: [default0]:  moe_shared_expert_gate .......................... False
0: [default0]:  moe_shared_expert_intermediate_size ............. None
0: [default0]:  moe_shared_expert_overlap ....................... False
0: [default0]:  moe_token_dispatcher_type ....................... allgather
0: [default0]:  moe_token_drop_policy ........................... probs
0: [default0]:  moe_upcycling_granularity ....................... 1
0: [default0]:  moe_use_legacy_grouped_gemm ..................... False
0: [default0]:  moe_use_upcycling ............................... False
0: [default0]:  moe_z_loss_coeff ................................ None
0: [default0]:  mrope_section ................................... None
0: [default0]:  mscale .......................................... 1.0
0: [default0]:  mscale_all_dim .................................. 0.0
0: [default0]:  mtp_loss_scaling_factor ......................... 0.1
0: [default0]:  mtp_num_layers .................................. None
0: [default0]:  mtp_standalone .................................. False
0: [default0]:  multi_latent_attention .......................... False
0: [default0]:  multiple_validation_sets ........................ False
0: [default0]:  muon_extra_scale_factor ......................... 1.0
0: [default0]:  muon_fp32_matmul_prec ........................... medium
0: [default0]:  muon_momentum ................................... 0.9
0: [default0]:  muon_num_ns_steps ............................... 5
0: [default0]:  muon_scale_mode ................................. spectral
0: [default0]:  muon_split_qkv .................................. True
0: [default0]:  muon_tp_mode .................................... blockwise
0: [default0]:  muon_use_nesterov ............................... False
0: [default0]:  nccl_all_reduce_for_prefill ..................... False
0: [default0]:  nccl_communicator_config_path ................... None
0: [default0]:  nccl_ub ......................................... False
0: [default0]:  no_load_optim ................................... None
0: [default0]:  no_load_rng ..................................... None
0: [default0]:  no_persist_layer_norm ........................... False
0: [default0]:  no_rope_freq .................................... None
0: [default0]:  no_save_optim ................................... None
0: [default0]:  no_save_rng ..................................... None
0: [default0]:  no_weight_decay_cond_type ....................... None
0: [default0]:  non_persistent_ckpt_type ........................ None
0: [default0]:  non_persistent_global_ckpt_dir .................. None
0: [default0]:  non_persistent_local_ckpt_algo .................. fully_parallel
0: [default0]:  non_persistent_local_ckpt_dir ................... None
0: [default0]:  non_persistent_save_interval .................... None
0: [default0]:  normalization ................................... RMSNorm
0: [default0]:  num_attention_heads ............................. 32
0: [default0]:  num_channels .................................... 3
0: [default0]:  num_classes ..................................... 1000
0: [default0]:  num_dataset_builder_threads ..................... 1
0: [default0]:  num_distributed_optimizer_instances ............. 1
0: [default0]:  num_experts ..................................... None
0: [default0]:  num_layers ...................................... 32
0: [default0]:  num_layers_at_end_in_bf16 ....................... 1
0: [default0]:  num_layers_at_start_in_bf16 ..................... 1
0: [default0]:  num_layers_per_virtual_pipeline_stage ........... None
0: [default0]:  num_query_groups ................................ 8
0: [default0]:  num_virtual_stages_per_pipeline_rank ............ None
0: [default0]:  num_workers ..................................... 1
0: [default0]:  object_storage_cache_path ....................... None
0: [default0]:  offload_modules ................................. []
0: [default0]:  one_logger_async ................................ False
0: [default0]:  one_logger_project .............................. megatron-lm
0: [default0]:  one_logger_run_name ............................. None
0: [default0]:  onnx_safe ....................................... None
0: [default0]:  openai_gelu ..................................... False
0: [default0]:  optimizer ....................................... adam
0: [default0]:  optimizer_cpu_offload ........................... False
0: [default0]:  optimizer_offload_fraction ...................... 1.0
0: [default0]:  outer_dp_sharding_strategy ...................... no_shard
0: [default0]:  output_bert_embeddings .......................... False
0: [default0]:  overlap_cpu_optimizer_d2h_h2d ................... False
0: [default0]:  overlap_grad_reduce ............................. True
0: [default0]:  overlap_moe_expert_parallel_comm ................ False
0: [default0]:  overlap_p2p_comm ............................
0: .... False
0: [default0]:  overlap_p2p_comm_warmup_flush ................... False
0: [default0]:  overlap_param_gather ............................ True
0: [default0]:  overlap_param_gather_with_optimizer_step ........ False
0: [default0]:  override_opt_param_scheduler .................... False
0: [default0]:  padded_vocab_size ............................... None
0: [default0]:  params_dtype .................................... torch.bfloat16
0: [default0]:  patch_dim ....................................... 16
0: [default0]:  per_dataset_sequences_path ...................... None
0: [default0]:  per_split_data_args_path ........................ None
0: [default0]:  perform_initialization .......................... True
0: [default0]:  perform_rl_step ................................. False
0: [default0]:  phase_transition_iterations ..................... None
0: [default0]:  pin_cpu_grads ................................... True
0: [default0]:  pin_cpu_params .................................. True
0: [default0]:  pipeline_model_parallel_comm_backend ............ None
0: [default0]:  pipeline_model_parallel_layout .................. None
0: [default0]:  pipeline_model_parallel_size .................... 1
0: [default0]:  position_embedding_type ......................... rope
0: [default0]:  pretrained_checkpoint ........................... None
0: [default0]:  profile ......................................... False
0: [default0]:  profile_ranks ................................... [0]
0: [default0]:  profile_step_end ................................ 12
0: [default0]:  profile_step_start .............................. 10
0: [default0]:  q_lora_rank ..................................... None
0: [default0]:  qk_clip ......................................... False
0: [default0]:  qk_clip_alpha ................................... 0.5
0: [default0]:  qk_clip_threshold ............................... 100
0: [default0]:  qk_head_dim ..................................... 128
0: [default0]:  qk_l2_norm ...................................... False
0: [default0]:  qk_layernorm .................................... False
0: [default0]:  qk_pos_emb_head_dim ............................. 64
0: [default0]:  query_in_block_prob ............................. 0.1
0: [default0]:  quick_geglu ..................................... False
0: [default0]:  rampup_batch_size ............................... None
0: [default0]:  rank ............................................ 0
0: [default0]:  recompute_granularity ........................... None
0: [default0]:  
0: recompute_method ................................ None
0: [default0]:  recompute_modules ............................... None
0: [default0]:  recompute_num_layers ............................ None
0: [default0]:  record_memory_history ........................... False
0: [default0]:  refit_method .................................... gloo
0: [default0]:  relative_attention_max_distance ................. 128
0: [default0]:  relative_attention_num_buckets .................. 32
0: [default0]:  replication ..................................... False
0: [default0]:  replication_factor .............................. 2
0: [default0]:  replication_jump ................................ None
0: [default0]:  rerun_mode ...................................... validate_results
0: [default0]:  reset_attention_mask ............................ False
0: [default0]:  reset_position_ids .............................. False
0: [default0]:  result_rejected_tracker_filename ................ None
0: [default0]:  retriever_report_topk_accuracies ................ []
0: [default0]:  retriever_score_scaling ......................... False
0: [default0]:  reuse_grad_buf_for_mxfp8_param_ag ............... False
0: [default0]:  rl_default_temperature .......................... 1.0
0: [default0]:  rl_default_top_k ................................ -1
0: [default0]:  rl_default_top_p ................................ 0
0: [default0]:  rl_importance_sampling_truncation_coef .......... None
0: [default0]:  rl_inference_expert_model_parallel_size ......... None
0: [default0]:  rl_inference_expert_tensor_model_parallel_size .. None
0: [default0]:  rl_inference_logprobs_is_correction ............. False
0: [default0]:  rl_inference_model_unified_memory_level ......... 0
0: [default0]:  rl_inference_pipeline_model_parallel_size ....... None
0: [default0]:  rl_inference_tensor_model_parallel_size ......... None
0: [default0]:  rl_offload_inference_model_weights_when_idle .... False
0: [default0]:  rl_offload_kv_cache_during_training ............. False
0: [default0]:  rl_offload_optimizer_during_inference ........... False
0: [default0]:  rl_parallel_generation_tasks .................... 512
0: [default0]:  rl_partial_rollouts ............................. False
0: [default0]:  rl_prompts_per_eval ............................. 32
0: [default0]:  rl_remove_kv_cache_during_training .............. False
0: [default0]:  rl_reset_cuda_graphs ............................ False
0: [default0]:  rl_sequence_packing_algo ........................ fifo
0: [default0]:  rl_sequence_packing_max_sequences_per_bin ....... 50
0: [default0]:  rl_skip_bos_token ............................... False
0: [default0]:  rl_training_cuda_graphs ......................... False
0: [default0]:  rl_use_sequence_packing ......................... False
0: [default0]:  rl_verify_model_weights_swap .................... False
0: [default0]:  rope_scaling_factor ............................. 8.0
0: [default0]:  rope_type ....................................... None
0: [default0]:  rotary_base ..................................... 10000
0: [default0]:  rotary_interleaved .............................. False
0: [default0]:  rotary_percent .................................. 1.0
0: [default0]:  rotary_scaling_factor ........................... 1.0
0: [default0]:  rotary_seq_len_interpolation_factor ............. None
0: [default0]:  run_workload_inspector_server ................... False
0: [default0]:  sample_rate ..................................... 1.0
0: [default0]:  save ............................................ None
0: [default0]:  save_dgrads_interval ............................ None
0: [default0]:  save_interval ................................... None
0: [default0]:  save_retain_interval ............................ None
0: [default0]:  save_wgrads_interval ............................ None
0: [default0]:  scatter_gather_tensors_in_pipeline .............. True
0: [default0]:  seed ............................................ 42
0: [default0]:  seq_length ...................................... 4096
0: [default0]:  sequence_parallel ............................... False
0: [default0]:  sft ............................................. False
0: [default0]:  sft_tokenizer_prompt_format ..................... nemotron-h-aligned
0: [default0]:  sgd_momentum .................................... 0.9
0: [default0]:  sharp_enabled_group ............................. None
0: [default0]:  short_seq_prob .................................. 0.1
0: [default0]:  skip_train ...................................... False
0: [default0]:  skipped_train_samples ........................... 0
0: [default0]:  softmax_type .................................... vanilla
0: [default0]:  spec ............................................ None
0: [default0]:  split ........................................... 99,1,0
0: [default0]:  squared_relu .................................... False
0: [default0]:  start_weight_decay .............................. 0.1
0: [default0]:  straggler_ctrlr_port ............................ 65535
0: [default0]:  straggler_minmax_count .......................... 1
0: [default0]:  strict_fsdp_dtensor_load ........................ True
0: [default0]:  suggested_communication_unit_size ............... None
0: [default0]:  swiglu .......................................... True
0: [default0]:  swin_backbone_type .............................. tiny
0: [default0]:  symmetric_ar_type ............................... None
0: [default0]:  te_precision_config_file ........................ None
0: [default0]:  te_rng_tracker .................................. False
0: [default0]:  tensor_model_parallel_size ...................... 1
0: [default0]:  tensorboard_dir ................................. None
0: [default0]:  tensorboard_log_interval ........................ 1
0: [default0]:  tensorboard_queue_size .......................... 1000
0: [default0]:  test_data_path .................................. None
0: [default0]:  test_mode ....................................... False
0: [default0]
0: :  tiktoken_num_special_tokens ..................... 1000
0: [default0]:  tiktoken_pattern ................................ None
0: [default0]:  tiktoken_special_tokens ......................... None
0: [default0]:  timing_log_level ................................ 0
0: [default0]:  timing_log_option ............................... minmax
0: [default0]:  titles_data_path ................................ None
0: [default0]:  tokenizer_hf_include_special_tokens ............. False
0: [default0]:  tokenizer_hf_use_fast ........................... False
0: [default0]:  tokenizer_metadata .............................. None
0: [default0]:  tokenizer_model ................................. None
0: [default0]:  tokenizer_sentencepiece_legacy .................. False
0: [default0]:  tokenizer_special_tokens ........................ None
0: [default0]:  tokenizer_type .................................. GPT2BPETokenizer
0: [default0]:  torch_fsdp2_reshard_after_forward ............... True
0: [default0]:  tp_comm_bootstrap_backend ....................... nccl
0: [default0]:  tp_comm_bulk_dgrad .............................. True
0: [default0]:  tp_comm_bulk_wgrad .............................. True
0: [default0]:  tp_comm_overlap ................................. False
0: [default0]:  tp_comm_overlap_ag .............................. True
0: [default0]:  tp_comm_overlap_cfg ............................. None
0: [default0]:  tp_comm_overlap_rs .............................. True
0: [default0]:  tp_comm_overlap_rs_dgrad ........................ False
0: [default0]:  tp_comm_split_ag ................................ True
0: [default0]:  tp_comm_split_rs ................................ True
0: [default0]:  train_data_path ................................. None
0: [default0]:  train_iters ..................................... 50
0: [default0]:  train_samples ................................... None
0: [default0]:  train_sync_interval ............................. None
0: [default0]:  transformer_impl ................................ transformer_engine
0: [default0]:  transformer_pipeline_model_parallel_size ........ 1
0: [default0]:  trust_remote_code ............................... False
0: [default0]:  untie_embeddings_and_output_weights ............. True
0: [default0]:  use_checkpoint_args ............................. False
0: [default0]:  use_checkpoint_opt_param_scheduler .............. False
0: [default0]:  use_cpu_initialization .......................... None
0: [default0]:  use_dist_ckpt ................................... True
0: [default0]:  use_dist_ckpt_deprecated ........................ False
0: [default0]:  use_distributed_optimizer ....................
0: ... True
0: [default0]:  use_flash_attn .................................. False
0: [default0]:  use_fused_weighted_squared_relu ................. False
0: [default0]:  use_kitchen_attention ........................... False
0: [default0]:  use_legacy_models ............................... False
0: [default0]:  use_legacy_static_engine ........................ False
0: [default0]:  use_mamba_mem_eff_path .......................... True
0: [default0]:  use_megatron_fsdp ............................... False
0: [default0]:  use_mp_args_from_checkpoint_args ................ False
0: [default0]:  use_one_sent_docs ............................... False
0: [default0]:  use_persistent_ckpt_worker ...................... False
0: [default0]:  use_precision_aware_optimizer ................... True
0: [default0]:  use_pytorch_profiler ............................ False
0: [default0]:  use_ring_exchange_p2p ........................... False
0: [default0]:  use_rope_scaling ................................ False
0: [default0]:  use_rotary_position_embeddings .................. False
0: [default0]:  use_sharp ....................................... False
0: [default0]:  use_te_activation_func .......................... False
0: [default0]:  use_tokenizer_model_from_checkpoint_args ........ True
0: [default0]:  use_torch_fsdp2 ................................. False
0: [default0]:  use_torch_optimizer_for_cpu_offload ............. False
0: [default0]:  use_tp_pp_dp_mapping ............................ False
0: [default0]:  v_head_dim ...................................... 128
0: [default0]:  valid_data_path ................................. None
0: [default0]:  variable_seq_lengths ............................ False
0: [default0]:  virtual_pipeline_model_parallel_size ............ None
0: [default0]:  vision_backbone_type ............................ vit
0: [default0]:  vision_pretraining .............................. False
0: [default0]:  vision_pretraining_type ......................... classify
0: [default0]:  vocab_extra_ids ................................. 0
0: [default0]:  vocab_file ...................................... /iopsstor/scratch/cscs/course_00207/lsaie-ss26-gipfelsturm/data/gpt2-vocab.json
0: [default0]:  vocab_size ...................................... None
0: [default0]:  wandb_entity .................................... None
0: [default0]:  wandb_exp_name .................................. throughput-8b-1n-2396831
0: [default0]:  wandb_project ................................... gipfelsturm
0: [default0]:  wandb_save_dir .................................. /iopsstor/scratch/cscs/course_00207/gipfelsturm/gipfelsturm/throughput-8b-1n
0: [default0]:  weight_decay .................................... 0.1
0: [default0]:  weight_decay_incr_style ......................... constant
0: [default0]:  wgrad_deferral_limit ............................ 0
0: [default0]:  window_attn_skip_freq ........................... None
0: [default0]:  window_size ..................................... None
0: [default0]:  world_size ...................................... 4
0: [default0]:  yaml_cfg ........................................ None
0: [default0]:-------------------- end of arguments ---------------------
0: [default0]:INFO:megatron.core.num_microbatches_calculator:setting number of microbatches to constant 32
0: [default0]:> building GPT2BPETokenizer tokenizer ...
0: [default0]:WARNING:megatron.core.datasets.megatron_tokenizer:You're using the legacy tokenizer system, which is deprecated and will be removed in a future release. Please migrate to the new tokenizer system (`megatron.core.tokenizers.MegatronTokenizer`).
0: [default0]: > padded vocab (size: 50257) with 47 dummy tokens (new size: 50304)
0: [default0]:WARNING:megatron.core.rerun_state_machine:RerunStateMachine initialized in mode RerunMode.VALIDATE_RESULTS
0: [default0]:> initializing torch distributed ...
0: [default1]:[W526 15:57:22.003363540 ProcessGroupNCCL.cpp:941] Warning: TORCH_NCCL_AVOID_RECORD_STREAMS is the default now, this environment variable is thus deprecated. (function operator())
0: [default3]:wandb: [wandb.login()] Loaded credentials for https://api.wandb.ai from WANDB_API_KEY.
0: [default0]:[W526 15:57:22.005945959 ProcessGroupNCCL.cpp:941] Warning: TORCH_NCCL_AVOID_RECORD_STREAMS is the default now, this environment variable is thus deprecated. (function operator())
0: [default3]:wandb: Currently logged in as: gaspardthrl (lsai-project-26) to https://api.wandb.ai. Use `wandb login --relogin` to force relogin
0: [default3]:wandb: setting up run s14x5a7j
0: [default3]:wandb: Tracking run with wandb version 0.25.0
0: [default3]:wandb: Run data is saved locally in /iopsstor/scratch/cscs/course_00207/gipfelsturm/gipfelsturm/throughput-8b-1n/wandb/run-20260526_155722-s14x5a7j
0: [default3]:wandb: Run `wandb offline` to turn off syncing.
0: [default3]:wandb: Syncing run throughput-8b-1n-2396831
0: [default3]:wandb: ⭐️ View project at https://wandb.ai/lsai-project-26/gipfelsturm
0: [default3]:wandb: 🚀 View run at https://wandb.ai/lsai-project-26/gipfelsturm/runs/s14x5a7j
0: [default3]:WARNING: one_logger package is required to enable e2e metrics tracking. please go to https://confluence.nvidia.com/display/MLWFO/Package+Repositories for details to install it
0: [default3]:[W526 15:57:24.926229985 ProcessGroupNCCL.cpp:941] Warning: TORCH_NCCL_AVOID_RECORD_STREAMS is the default now, this environment variable is thus deprecated. (function operator())
0: [default3]:[Gloo] Rank 3 is connected to 3 peer ranks. Expected number of connected peer ranks is : 3
0: [default2]:[Gloo] Rank 2 is connected to 3 peer ranks. Expected number of connected peer ranks is : 3
0: [default1]:[Gloo] Rank 1 is connected to 3 peer ranks. Expected number of connected peer ranks is : 3
0: [default0]:[Gloo] Rank 0 is connected to 3 peer ranks. Expected number of connected peer ranks is : 3
0: [default2]:[W526 15:57:27.011145533 ProcessGroupNCCL.cpp:941] Warning: TORCH_NCCL_AVOID_RECORD_STREAMS is the default now, this environment variable is thus deprecated. (function operator())
0: [default3]:[Gloo] Rank 3 is connected to 3 peer ranks. Expected number of connected peer ranks is : 3
0: [default2]:[Gloo] Rank 2 is connected to 3 peer ranks. Expected number of connected peer ranks is : 3
0: [default1]:[Gloo] Rank 1 is connected to 3 peer ranks. Expected number of connected peer ranks is : 3
0: [default0]:[Gloo] Rank 0 is connected to 3 peer ranks. Expected number of connected peer ranks is : 3
0: [default2]:[Gloo] Rank 2 is connected to 3 peer ranks. Expected number of connected peer ranks is : 3
0: [default3]:[Gloo] Rank 3 is connected to 3 peer ranks. Expected number of connected peer ranks is : 3
0: [default1]:[Gloo] Rank 1 is connected to 3 peer ranks. Expected number of connected peer ranks is : 3
0: [default0]:[Gloo] Rank 0 is connected to 3 peer ranks. Expected number of connected peer ranks is : 3
0: [default0]:> initialized tensor model parallel with size 1
0: [default0]:> initialized pipeline model parallel with size 1
0: [default0]:> setting random seeds to 42 ...
0: [default0]:> compiling dataset index builder ...
0: [default0]:make: Entering directory '/iopsstor/scratch/cscs/course_00207/lsaie-ss26-gipfelsturm/Megatron-LM/megatron/core/datasets'
0: [default0]:make: Nothing to be done for 'default'.
0: [default0]:make: Leaving directory '/iopsstor/scratch/cscs/course_00207/lsaie-ss26-gipfelsturm/Megatron-LM/megatron/core/datasets'
0: [default0]:>>> done with dataset index builder. Compilation time: 0.091 seconds
0: [default0]:> compiling and loading fused kernels ...
0: [default0]:/usr/local/lib/python3.12/dist-packages/torch/distributed/c10d_logger.py:83: UserWarning: barrier(): using the device under current context. You can specify `device_id` in `init_process_group` to mute this warning.
0: [default0]:  return func(*args, **kwargs)
0: [default0]:[rank0]:[W526 15:57:32.147823303 ProcessGroupNCCL.cpp:5163] Guessing device ID based on global rank. This can cause a hang if rank to GPU mapping is heterogeneous. You can specify device_id in init_process_group()
0: [default0]:>>> done with compiling and loading fused kernels. Compilation time: 2.508 seconds
0: [default3]:INFO:megatron.core.timers:(min, max) time across ranks (ms):
0: [default3]:    startup-program-entry-spread ...................: (0.08, 0.18)
0: [default3]:    startup-library-setup ..........................: (11913.71, 11913.87)
0: [default3]:    startup-program-setup ..........................: (45.96, 47.48)
0: [default3]:    startup-in-process-setup .......................: (0.00, 0.00)
0: [default3]:    startup-in-job-setup ...........................: (32.73, 33.87)
0: [default3]:    startup-initialize-megatron ....................: (12852.58, 12854.86)
0: [default3]:    startup-set-jit-fusion-options .................: (2038.87, 2474.77)
0: [default3]:    all-reduce-start-timestamps-tensor .............: (1.34, 437.38)
0: [default3]:    startup-megatron-init-local ....................: (15362.30, 15363.84)
0: [default3]:    startup-megatron-init-global ...................: (27323.62, 27323.67)
0: [default0]:time to initialize megatron (seconds): 15.714
0: [default0]:[after in-process setup and before initialize_megatron] datetime: 2026-05-26 15:57:22.083355 
0: [default0]:[after in-job setup and before initialize_megatron] datetime: 2026-05-26 15:57:22.117182 
0: [default0]:[before library-setup] datetime: 2026-05-26 15:57:10.123573
0: [default0]:[after library-setup] datetime: 2026-05-26 15:57:22.037281
0: [default0]:[before megatron-init] datetime: 2026-05-26 15:57:22.083354
0: [default0]:[after megatron is initialized] datetime: 2026-05-26 15:57:37.449317 
0: [default0]:building GPT model ...
0: [default0]:/usr/local/lib/python3.12/dist-packages/torch/distributed/c10d_logger.py:83: UserWarning: barrier(): using the device under current context. You can specify `device_id` in `init_process_group` to mute this warning.
0: [default0]:  return func(*args, **kwargs)
0: [default0]: > number of parameters on (tensor, pipeline) model parallel rank (0, 0): 7391678464
0: [default0]:INFO:megatron.core.distributed.distributed_data_parallel:Setting up DistributedDataParallel with config DistributedDataParallelConfig(grad_reduce_in_fp32=False, overlap_grad_reduce=True, overlap_param_gather=True, align_param_gather=False, use_distributed_optimizer=True, num_distributed_optimizer_instances=1, check_for_nan_in_grad=False, check_for_large_grads=False, bucket_size=40000000, pad_buckets_for_high_nccl_busbw=False, reduce_scatter_with_fp32_accumulation=False, average_in_collective=False, fp8_param_gather=False, reuse_grad_buf_for_mxfp8_param_ag=False, use_megatron_fsdp=False, use_custom_fsdp=False, data_parallel_sharding_strategy='no_shard', gradient_reduce_div_fusion=True, suggested_communication_unit_size=None, preserve_fp32_weights=True, keep_fp8_transpose_cache=False, nccl_ub=False, fsdp_double_buffer=False, outer_dp_sharding_strategy='no_shard', disable_symmetric_registration=False, fsdp_
0: manual_registration=False, delay_wgrad_compute=False)
0: [default0]:INFO:megatron.core.distributed.param_and_grad_buffer:Number of buckets for gradient all-reduce / reduce-scatter: 98
0: [default0]:Params for bucket 1 (206045184 elements, 206045184 padded size):
0: [default0]:	module.output_layer.weight
0: [default0]:Params for bucket 2 (58724352 elements, 58724352 padded size):
0: [default0]:	module.decoder.final_layernorm.weight
0: [default0]:	module.decoder.layers.31.mlp.linear_fc2.weight
0: [default0]:Params for bucket 3 (117440512 elements, 117440512 padded size):
0: [default0]:	module.decoder.layers.31.mlp.linear_fc1.weight
0: [default0]:Params for bucket 4 (41951232 elements, 41951232 padded size):
0: [default0]:	module.decoder.layers.31.mlp.linear_fc1.layer_norm_weight
0: [default0]:	module.decoder.layers.31.self_attention.linear_qkv.weight
0: [default0]:	module.decoder.layers.31.self_attention.linear_proj.weight
0: [default0]:	module.decoder.layers.31.self_attention.linear_qkv.layer_norm_weight
0: [default0]:Params for bucket 5 (58720256 elements, 58720256 padded size):
0: [default0]:	module.decoder.layers.30.mlp.linear_fc2.weight
0: [default0]:Params for bucket 6 (117440512 elements, 117440512 padded size):
0: [default0]:	module.decoder.layers.30.mlp.linear_fc1.weight
0: [default0]:Params for bucket 7 (41951232 elements, 41951232 padded size):
0: [default0]:	module.decoder.layers.30.mlp.linear_fc1.layer_norm_weight
0: [default0]:	module.decoder.layers.30.self_attention.linear_qkv.layer_norm_weight
0: [default0]:	module.decoder.layers.30.self_attention.linear_qkv.weight
0: [default0]:	module.decoder.layers.30.self_attention.linear_proj.weight
0: [default0]:Params for bucket 8 (58720256 elements, 58720256 padded size):
0: [default0]:	module.decoder.layers.29.mlp.linear_fc2.weight
0: [default0]:Params for bucket 9 (117440512 elements, 117440512 padded size):
0: [default0]:	module.decoder.layers.29.mlp.linear_fc1.weight
0: [default0]:Params for bucket 10 (41951232 elements, 41951232 padded size):
0: [default0]:	module.decoder.layers.29.mlp.linear_fc1.layer_norm_weight
0: [default0]:	module.decoder.layers.29.self_attention.linear_qkv.weight
0: [default0]:	module.decoder.layers.29.sel
0: f_attention.linear_proj.weight
0: [default0]:	module.decoder.layers.29.self_attention.linear_qkv.layer_norm_weight
0: [default0]:Params for bucket 11 (58720256 elements, 58720256 padded size):
0: [default0]:	module.decoder.layers.28.mlp.linear_fc2.weight
0: [default0]:Params for bucket 12 (117440512 elements, 117440512 padded size):
0: [default0]:	module.decoder.layers.28.mlp.linear_fc1.weight
0: [default0]:Params for bucket 13 (41951232 elements, 41951232 padded size):
0: [default0]:	module.decoder.layers.28.mlp.linear_fc1.layer_norm_weight
0: [default0]:	module.decoder.layers.28.self_attention.linear_proj.weight
0: [default0]:	module.decoder.layers.28.self_attention.linear_qkv.weight
0: [default0]:	module.decoder.layers.28.self_attention.linear_qkv.layer_norm_weight
0: [default0]:Params for bucket 14 (58720256 elements, 58720256 padded size):
0: [default0]:	module.decoder.layers.27.mlp.linear_fc2.weight
0: [default0]:Params for bucket 15 (117440512 elements, 117440512 padded size):
0: [default0]:	module.decoder.layers.27.mlp.linear_fc1.weight
0: [default0]:Params for bucket 16 (41951232 elements, 41951232 padded size):
0: [default0]:	module.decoder.layers.27.mlp.linear_fc1.layer_norm_weight
0: [default0]:	module.decoder.layers.27.self_attention.linear_qkv.weight
0: [default0]:	module.decoder.layers.27.self_attention.linear_proj.weight
0: [default0]:	module.decoder.layers.27.self_attention.linear_qkv.layer_norm_weight
0: [default0]:Params for bucket 17 (58720256 elements, 58720256 padded size):
0: [default0]:	module.decoder.layers.26.mlp.linear_fc2.weight
0: [default0]:Params for bucket 18 (117440512 elements, 117440512 padded size):
0: [default0]:	module.decoder.layers.26.mlp.linear_fc1.weight
0: [default0]:Params for bucket 19 (41951232 elements, 41951232 padded size):
0: [default0]:	module.decoder.layers.26.mlp.linear_fc1.layer_norm_weight
0: [default0]:	module.decoder.layers.26.self_attention.linear_proj.weight
0: [default0]:	module.decoder.layers.26.self_attention.linear_qkv.layer_norm_weight
0: [default0]:	module.decoder.layers.26.self_attention.linear_qkv.weight
0: [default0]:Params for bucket 20 (58720256 elements, 58720256 padded size):
0: [default0]:	module.decoder.layers.25.mlp.linear_fc2.weight
0: [default0]:Params for bucket 21 (117440512 elements, 117440512 padded size):
0: [default0]:	module.decoder.layers.25.mlp.linear_fc1.weight
0: [default0]:Params for bucket 22 (41951232 elements, 41951232 padded size):
0: [default0]:	module.decoder.layers.25.mlp.linear_fc1.layer_norm_weight
0: [default0]:	module.decoder.layers.25.self_attention.linear_qkv.layer_norm_weight
0: [default0]:	module.decoder.layers.25.self_attention.linear_qkv.weight
0: [default0]:	module.decoder.layers.25.self_attention.linear_proj.weight
0: [default0]:Params for bucket 23 (58720256 elements, 58720256 padded size):
0: [default0]:	module.decoder.layers.24.mlp.linear_fc2.weight
0: [default0]:Params for bucket 24 (117440512 elements, 117440512 padded size):
0: [default0]:	module.decoder.layers.24.mlp.linear_fc1.weight
0: [default0]:Params for bucket 25 (41951232 elements, 41951232 padded size):
0: [default0]:	module.decoder.layers.24.mlp.linear_fc1.layer_norm_weight
0: [default0]:	module.decoder.layers.24.self_attention.linear_qkv.weight
0: [default0]:	module.decoder.layers.24
0: .self_attention.linear_proj.weight
0: [default0]:	module.decoder.layers.24.self_attention.linear_qkv.layer_norm_weight
0: [default0]:Params for bucket 26 (58720256 elements, 58720256 padded size):
0: [default0]:	module.decoder.layers.23.mlp.linear_fc2.weight
0: [default0]:Params for bucket 27 (117440512 elements, 117440512 padded size):
0: [default0]:	module.decoder.layers.23.mlp.linear_fc1.weight
0: [default0]:Params for bucket 28 (41951232 elements, 41951232 padded size):
0: [default0]:	module.decoder.layers.23.mlp.linear_fc1.layer_norm_weight
0: [default0]:	module.decoder.layers.23.self_attention.linear_qkv.layer_norm_weight
0: [default0]:	module.decoder.layers.23.self_attention.linear_proj.weight
0: [default0]:	module.decoder.layers.23.self_attention.linear_qkv.weight
0: [default0]:Params for bucket 29 (58720256 elements, 58720256 padded size):
0: [default0]:	module.decoder.layers.22.mlp.linear_fc2.weight
0: [default0]:Params for bucket 30 (117440512 elements, 117440512 padded size):
0: [default0]:	module.decoder.layers.22.mlp.linear_fc1.weight
0: [default0]:Params for bucket 31 (41951232 elements, 41951232 padded size):
0: [default0]:	module.decoder.layers.22.mlp.linear_fc1.layer_norm_weight
0: [default0]:	module.decoder.layers.22.self_attention.linear_qkv.weight
0: [default0]:	module.decoder.layers.22.self_attention.linear_proj.weight
0: [default0]:	module.decoder.layers.22.self_attention.linear_qkv.layer_norm_weight
0: [default0]:Params fo
0: r bucket 32 (58720256 elements, 58720256 padded size):
0: [default0]:	module.decoder.layers.21.mlp.linear_fc2.weight
0: [default0]:Params for bucket 33 (117440512 elements, 117440512 padded size):
0: [default0]:	module.decoder.layers.21.mlp.linear_fc1.weight
0: [default0]:Params for bucket 34 (41951232 elements, 41951232 padded size):
0: [default0]:	module.decoder.layers.21.mlp.linear_fc1.layer_norm_weight
0: [default0]:	module.decoder.layers.21.self_attention.linear_qkv.weight
0: [default0]:	module.decoder.layers.21.self_attention.linear_proj.weight
0: [default0]:	module.decoder.layers.21.self_attention.linear_qkv.layer_norm_weight
0: [default0]:Params for bucket 35 (58720256 elements, 58720256 padded size):
0: [default0]:	module.decoder.layers.20.mlp.linear_fc2.weight
0: [default0]:Params for bucket 36 (117440512 elements, 117440512 padded size):
0: [default0]:	module.decoder.layers.20.mlp.linear_fc1.weight
0: [default0]:Params for bucket 37 (41951232 elements, 41951232 padded size):
0: [default0]:	module.decoder.layers.20.mlp.linear_fc1.layer_norm_weight
0: [default0]:	module.decoder.layers.20.self_attention.linear_qkv.weight
0: [default0]:	module.decoder.layers.20.self_attention.linear_proj.weight
0: [default0]:	module.decoder.layers.20.self_attention.linear_qkv.layer_norm_weight
0: [default0]:Params for bucket 38 (58720256 elements, 58720256 padded size):
0: [default0]:	module.decoder.layers.19.mlp.linear_fc2.weight
0: [default0]:Params for bucket 39 (117440512 elements, 117440512 padded size):
0: [default0]:	module.decoder.layers.19.mlp.linear_fc1.weight
0: [default0]:Params for bucket 40 (41951232 elements, 41951232 padded size):
0: [default0]:	module.decoder.layers.19.mlp.linear_fc1.layer_norm_weight
0: [default0]:	module.decoder.layers.19.self_attention.linear_qkv.weight
0: [default0]:	module.decoder.layers.19.self_attention.linear_proj.weight
0: [default0]:	module.decoder.layers.19.self_attention.linear_qkv.layer_norm_weight
0: [default0]:Params for bucket 41 (58720256 elements, 58720256 padded size):
0: [default0]:	module.decoder.layers.18.mlp.linear_fc2.weight
0: [default0]:Params for bucket 42 (117440512 elements, 117440512 padded size):
0: [default0]:	module.decoder.layers.18.mlp.linear_fc1.weight
0: [default0]:Params for bucket 43 (419
0: 51232 elements, 41951232 padded size):
0: [default0]:	module.decoder.layers.18.mlp.linear_fc1.layer_norm_weight
0: [default0]:	module.decoder.layers.18.self_attention.linear_qkv.layer_norm_weight
0: [default0]:	module.decoder.layers.18.self_attention.linear_qkv.weight
0: [default0]:	module.decoder.layers.18.self_attention.linear_proj.weight
0: [default0]:Params for bucket 44 (58720256 elements, 58720256 padded size):
0: [default0]:	module.decoder.layers.17.mlp.linear_fc2.weight
0: [default0]:Params for bucket 45 (117440512 elements, 117440512 padded size):
0: [default0]:	module.decoder.layers.17.mlp.linear_fc1.weight
0: [default0]:Params for bucket 46 (41951232 elements, 41951232 padded size):
0: [default0]:	module.decoder.layers.17.mlp.linear_fc1.layer_norm_weight
0: [default0]:	module.decoder.layers.17.self_attention.linear_qkv.weight
0: [default0]:	module.decoder.layers.17.self_attention.linear_proj.weight
0: [default0]:	module.decoder.layers.17.self_attention.linear_qkv.layer_norm_weight
0: [default0]:Params for bucket 47 (58720256 elements, 58720256 padded size):
0: [default0]:	module.decoder.layers.16.mlp.linear_fc2.weight
0: [default0]:Params for bucket 48 (117440512 elements, 117440512 padded size):
0: [default0]:	module.decoder.layers.16.mlp.linear_fc1.weight
0: [default0]:Params for bucket 49 (41951232 elements, 41951232 padded size):
0: [default0]:	module.decoder.layers.16.mlp.linear_fc1.layer_norm_weight
0: [default0]:	module.decoder.layers.16.self_attention.linear_proj.weight
0: [default0]:	module.decoder.layers.16.self_attention.linear_qkv.layer_norm_weight
0: [default0]:	module.decoder.layers.16.self_attention.linear_qkv.weight
0: [default0]:Params for bucket 50 (58720256 elements, 58720256 padded size):
0: [default0]:	module.decoder.layers.15.mlp.linear_fc2.weight
0: [default0]:Params for bucket 51 (117440512 elements, 117440512 padded size):
0: [default0]:	module.decod
0: er.layers.15.mlp.linear_fc1.weight
0: [default0]:Params for bucket 52 (41951232 elements, 41951232 padded size):
0: [default0]:	module.decoder.layers.15.mlp.linear_fc1.layer_norm_weight
0: [default0]:	module.decoder.layers.15.self_attention.linear_qkv.layer_norm_weight
0: [default0]:	module.decoder.layers.15.self_attention.linear_qkv.weight
0: [default0]:	module.decoder.layers.15.self_attention.linear_proj.weight
0: [default0]:Params for bucket 53 (58720256 elements, 58720256 padded size):
0: [default0]:	module.decoder.layers.14.mlp.linear_fc2.weight
0: [default0]:Params for bucket 54 (117440512 elements, 117440512 padded size):
0: [default0]:	module.decoder.layers.14.mlp.linear_fc1.weight
0: [default0]:Params for bucket 55 (41951232 elements, 41951232 padded size):
0: [default0]:	module.decoder.layers.14.mlp.linear_fc1.layer_norm_weight
0: [default0]:	module.decoder.layers.14.self_attention.linear_qkv.weight
0: [default0]:	module.decoder.layers.14.self_attention.linear_qkv.layer_norm_weight
0: [default0]:	module.decoder.layers.14.self_attention.linear_proj.weight
0: [default0]:Params for bucket 56 (58720256 elements, 58720256 padded size):
0: [default0]:	module.decoder.layers.13.mlp.linear_fc2.weight
0: [default0]:Params for bucket 57 (117440512 elements, 117440512 padded size):
0: [default0]:	module.decoder.layers.13.mlp.linear_fc1.weight
0: [default0]:Params for bucket 58 (41951232 elements, 41951232 padded size):
0: [default0]:	module.decoder.layers.13.mlp.linear_fc1.layer_norm_weight
0: [default0]:	module.decoder.layers.13.self_attention.linear_proj.weight
0: [default0]:	module.decoder.layers.13.self_attention.linear_qkv.layer_norm_weight
0: [default0]:	module.decoder.layers.13.self_attention.linear_qkv.weight
0: [default0]:Params for bucket 59 (58720256 elements, 58720256 padded size):
0: [default0]:	module.decoder.layers.12.mlp.linear_fc2.weight
0: [default0]:Params for bucket 60 (117440512 elements, 117440512 padded size):
0: [default0]:	module.decoder.layers.12.mlp.linear_fc1.weight
0: [default0]:Params for bucket 61 (41951232 elements, 41951232 padded size):
0: [default0]:	module.decoder.layers.12.mlp.linear_fc1.layer_norm_weight
0: [default0]:	module.decoder.layers.12.self_attention.linear_qkv.layer_norm_weight
0: [default0]:	module.decoder.layers.12.self_attention.linear_qkv.weight
0: [default0]:	module.decoder.layers.12.self_attention.linear_proj.weight
0: [default0]:Params for bucket 62 (58720256 elements, 58720256 padded size):
0: [default0]:	module.decoder.layers.11.mlp.linear_fc2.weight
0: [default0]:Params for bucket 63
0:  (117440512 elements, 117440512 padded size):
0: [default0]:	module.decoder.layers.11.mlp.linear_fc1.weight
0: [default0]:Params for bucket 64 (41951232 elements, 41951232 padded size):
0: [default0]:	module.decoder.layers.11.mlp.linear_fc1.layer_norm_weight
0: [default0]:	module.decoder.layers.11.self_attention.linear_qkv.weight
0: [default0]:	module.decoder.layers.11.self_attention.linear_proj.weight
0: [default0]:	module.decoder.layers.11.self_attention.linear_qkv.layer_norm_weight
0: [default0]:Params for bucket 65 (58720256 elements, 58720256 padded size):
0: [default0]:	module.decoder.layers.10.mlp.linear_fc2.weight
0: [default0]:Params for bucket 66 (117440512 elements, 117440512 padded size):
0: [default0]:	module.decoder.layers.10.mlp.linear_fc1.weight
0: [default0]:Params for bucket 67 (41951232 elements, 41951232 padded size):
0: [default0]:	module.decoder.layers.10.mlp.linear_fc1.layer_norm_weight
0: [default0]:	module.decoder.layers.10.self_attention.linear_qkv.layer_norm_weight
0: [default0]:	module.decoder.layers.10.self_attention.linear_proj.weight
0: [default0]:	module.decoder.layers.10.self_attention.linear_qkv.weight
0: [default0]:Params for bucket 68 (58720256 elements, 58720256 padded size):
0: [default0]:	module.decoder.layers.9.mlp.linear_fc2.weight
0: [default0]:Params for bucket 69 (117440512 elements, 117440512 padded size):
0: [default0]:	module.decoder.layers.9.mlp.linear_fc1.weight
0: [default0]:Params for bucket 70 (41951232 elements, 41951232 padded size):
0: [default0]:	module.decoder.layers.9.mlp.linear_fc1.layer_norm_weight
0: [default0]:	module.decoder.layers.9.self_attention.linear_qkv.weight
0: [default0]:	module.decoder.layers.9.self_attention.linear_proj.weight
0: [default0]:	module.decoder.layers.9.self_attention.linear_qkv.layer_norm_weight
0: [default0]:Params for bucket 71 (58720256 elements, 58720256 padded size):
0: [default0]:	module.decoder.layers.8.mlp.linear_fc2.weight
0: [default0]:Params for bucket 72 (117440512 elements, 117440512 padded size):
0: [default0]:	module.decoder.layers.8.mlp.linear_fc1.weight
0: [default0]:Params for bucket 73 (41951232 elements, 41951232 padded size):
0: [default0]:	module.decoder.layers.8.mlp.linear_fc1.layer_norm_weight
0: [default0]:	module.decoder.layers.8.self_attention.linear_qkv.weight
0: [default0]:	module.decoder.layers.8.self_attention.linear_proj.weight
0: [default0]:	module.decoder.layers.8.self_attention.linear_qkv.layer_norm_weight
0: [default0]:Params for bucket 74 (58720256 elements, 58720256 padded size):
0: [default0]:	module.decoder.layers.7.mlp.linear_fc2.weight
0: [default0]:Params for bucket 75 (117440512 elements, 117440512 padded size):
0: [default0]:	module.decoder.layers.7.mlp.linear_fc1.weight
0: [default0]:Params for bucket 76 (41951232 elements, 41951232 padded size):
0: [default0]:	module.decoder.layers.7.mlp.linear_fc1.layer_norm_weight
0: [default0]:	module.decoder.layers.7.self_attention.linear_qkv.weight
0: [default0]:	module.decoder.layers.7.self_attention.linear_proj.weight
0: [default0]:	module.decoder.layers.7.self_attention.linear_qkv.layer_norm_weight
0: [default0]:Params for bucket 77 (58720256 elements, 58720256 padded size):
0: [default0]:	module.decoder.layers.6.mlp.linear_fc2.weight
0: [default0]:Params for bucket 78 (117440512 elements, 117440512 padded size):
0: [default0]:	module.decoder.layers.6.mlp.linear_fc1.weight
0: [default0]:Params for bucket 79 (41951232 elements, 41951232 padded size):
0: [default0]:	module.decoder.layers.6.mlp.linear_fc1.layer_norm_weight
0: [default0]:	module.decoder.layers.6.self_attention.linear_proj.weight
0: [default0]:	module.decoder.layers.6.self_attention.linear_qkv.weight
0: [default0]:	module.decoder.layers.6.self_attention.linear_qkv.layer_norm_weight
0: [default0]:Params for bucket 80 (58720256 elements, 58720256 padded size):
0: [default0]:	module.decoder.layers.5.mlp.linear_fc2.weight
0: [default0]:Params for bucket 81 (117440512 elements, 117440512 padded size):
0: [default0]:	module.decoder.layers.5.mlp.linear_fc1.weight
0: [default0]:Params for bucket 82 (41951232 elements, 41951232 padded size):
0: [default0]:	module.decoder.layers.5.mlp.linear_fc1.layer_norm_weight
0: [default0]:	module.decoder.layers.5.self_attention.linear_qkv.layer_norm_weight
0: [default0]:	module.decoder.layers.5.self_attention.linear_proj.weight
0: [default0]:	module.decoder.layers.5.self_attention.linear_qkv.weight
0: [default0]:Params for bucket 83 (58720256 elements, 58720256 padded size):
0: [default0]:	module.decoder.layers.4.mlp.linear_fc2.weight
0: [default0]:Params for bucket 84 (117440512 elements, 117440512 padded size):
0: [default0]:	module.decoder.layers.4.mlp.linear_fc1.weight
0: [default0]:Params for bucket 85 (41951232 elements, 41951232 padded size):
0: [default0]:	module.decoder.layers.4.mlp.linear_fc1.layer_norm_weight
0: [default0]:	module.decoder.layers.4.self_attention.linear_qkv.weight
0: [default0]:	module.decoder.layers.4.self_attention.linear_qkv.layer_norm_weight
0: [default0]:	module.decoder.layers.4.self_attention.linear_proj.weight
0: [default0]:Params for bucket 86 (58720256 elements, 58720256 padded size):
0: [default0]:	module.decoder.layers.3.mlp.linear_fc2.weight
0: [default0]:Params for bucket 87 (117440512 elements, 117440512 padded size):
0: [default0]:	module.decoder.layers.3.mlp.linear_fc1.weight
0: [default0]:Params for bucket 88 (41951232 elements, 41951232 padded size):
0: [default0]:	module.decoder.layers.3.mlp.linear_fc1.layer_norm_weight
0: [default0]:	module.decoder.layers.3.self_attention.linear_qkv.weight
0: [default0]:	module.decoder.layers.3.self_attention.linear_proj.weight
0: [default0]:	module.decoder.layers.3.self_attention.linear_qkv.layer_norm_weight
0: [default0]:Params for bucket 89 (58720256 elements, 58720256 padded size):
0: [default0]:	module.decoder.layers.2.mlp.linear_fc2.weight
0: [default0]:Params for bucket 90 (117440512 elements, 117440512 padded size):
0: [default0]:	module.decoder.layers.2.mlp.linear_fc1.weight
0: [default0]:Params for bucket 91 (41951232 elements, 41951232 padded size):
0: [default0]:	module.decoder.layers.2.mlp.linear_fc1.layer_norm_weight
0: [default0]:	module.decoder.layers.2.self_attention.linear_qkv.layer_norm_weight
0: [default0]:	module.decoder.layers.2.self_attention.linear_proj.weight
0: [default0]:	module.decoder.layers.2.self_attention.linear_qkv.weight
0: [default0]:Params for bucket 92 (58720256 elements, 58720256 padded size):
0: [default0]:	module.decoder.layers.1.mlp.linear_fc2.weight
0: [default0]:Params for bucket 93 (117440512 elements, 117440512 padded size):
0: [default0]:	module.decoder.layers.1.mlp.linear_fc1.weight
0: [default0]:Params for bucket 94 (41951232 elements, 41951232 padded size):
0: [default0]:	module.decoder.layers.1.mlp.linear_fc1.layer_norm_weight
0: [default0]:	module.decoder.layers.1.self_attention.linear_qkv.layer_norm_weight
0: [default0]:	module.decoder.layers.1.self_attention.linear_proj.weight
0: [default0]:	module.decoder.layers.1.self_attention.linear_qkv.weight
0: [default0]:Params for bucket 95 (58720256 elements, 58720256 padded size):
0: [default0]:	module.decoder.layers.0.mlp.linear_fc2.weight
0: [default0]:Params for bucket 96 (117440512 elements, 117440512 padded size):
0: [default0]:	module.decoder.layers.0.mlp.linear_fc1.weight
0: [default0]:Params for bucket 97 (41951232 elements, 41951232 padded size):
0: [default0]:	module.decoder.layers.0.mlp.linear_fc1
0: .layer_norm_weight
0: [default0]:	module.decoder.layers.0.self_attention.linear_proj.weight
0: [default0]:	module.decoder.layers.0.self_attention.linear_qkv.weight
0: [default0]:	module.decoder.layers.0.self_attention.linear_qkv.layer_norm_weight
0: [default0]:Params for bucket 98 (206045184 elements, 206045184 padded size):
0: [default0]:	module.embedding.word_embeddings.weight
0: [default0]:INFO:megatron.core.optimizer:Setting up optimizer with config AdamOptimizerConfig(lr=0.0003, min_lr=0.0, decoupled_lr=None, decoupled_min_lr=None, weight_decay=0.1, apply_wd_to_qk_layernorm=False, fp8_recipe='delayed', fp16=False, bf16=True, reuse_grad_buf_for_mxfp8_param_ag=False, params_dtype=torch.bfloat16, use_precision_aware_optimizer=True, store_param_remainders=True, main_grads_dtype=torch.bfloat16, main_params_dtype=torch.float32, exp_avg_dtype=torch.float32, exp_avg_sq_dtype=torch.float32, optimizer='adam', loss_scale=None, initial_loss_scale=4294967296, min_loss_scale=1.0, loss_scale_window=1000, hysteresis=2, adam_beta1=0.9, adam_beta2=0.95, adam
0: _eps=1e-08, decoupled_weight_decay=True, sgd_momentum=0.9, muon_momentum=0.9, muon_split_qkv=True, muon_use_nesterov=False, muon_scale_mode='spectral', muon_fp32_matmul_prec='medium', muon_num_ns_steps=5, muon_tp_mode='blockwise', muon_extra_scale_factor=1.0, use_distributed_optimizer=True, overlap_param_gather=True, overlap_param_gather_with_optimizer_step=False, optimizer_cpu_offload=False, optimizer_offload_fraction=1.0, use_torch_optimizer_for_cpu_offload=False, overlap_cpu_optimizer_d2h_h2d=False, pin_cpu_grads=True, pin_cpu_params=True, clip_grad=1.0, log_num_zeros_in_grad=False, barrier_with_L1_time=True, timers=<megatron.core.timers.Timers object at 0x40089f347710>, config_logger_dir='')
0: [default0]:INFO:megatron.core.optimizer_param_scheduler:> learning rate decay style: constant
0: [default0]:[after model, optimizer, and learning rate scheduler are built] datetime: 2026-05-26 15:57:38.704688 
0: [default0]:> building train, validation, and test datasets ...
0: [default0]: > datasets target sizes (minimum size):
0: [default0]:    train:      12800
0: [default0]:    validation: 0
0: [default0]:    test:       0
0: [default0]:INFO:megatron.core.datasets.blended_megatron_dataset_config:Let split_matrix = [(0, 0.99), (0.99, 1.0), None]
0: [default0]:> building train, validation, and test datasets for GPT ...
0: [default0]:INFO:megatron.core.datasets.blended_megatron_dataset_builder:Building GPTDataset splits with sizes=(12800, 0, 0) and config=GPTDatasetConfig(random_seed=42, sequence_length=4096, blend=(['/capstor/store/cscs/swissai/infra01/datasets/nvidia/Nemotron-ClimbMix/climbmix_small_megatron/climbmix_small'], None), blend_per_split=None, multiple_validation_sets=False, full_validation=False, split='99,1,0', split_matrix=[(0, 0.99), (0.99, 1.0), None], num_dataset_builder_threads=1, path_to_cache='/iopsstor/scratch/cscs/course_00207/gipfelsturm/cache', mmap_bin_files=True, mock=False, tokenizer=<megatron.core.tokenizers.text.models.default_tokenizer.DefaultTokenizerText object at 0x400a5986f200>, mid_level_dataset_surplus=0.005, allow_ambiguous_pad_tokens=False, fast_cache_load=False, defer_npy_index_mmap=False, reset_pos
0: ition_ids=False, reset_attention_mask=False, eod_mask_loss=False, create_attention_mask=True, drop_last_partial_validation_sequence=True, add_extra_token_to_sequence=True, object_storage_cache_path=None, data_parallel_size=4, sequence_parallel_size=0, hybrid_context_parallel=False, sequences_per_dataset=None, token_dtype_code=8, context_parallel_size=1)
0: [default0]:INFO:megatron.core.datasets.indexed_dataset:Load the _IndexReader from /capstor/store/cscs/swissai/infra01/datasets/nvidia/Nemotron-ClimbMix/climbmix_small_megatron/climbmix_small.idx
0: [default0]:INFO:megatron.core.datasets.indexed_dataset:	Extract the sequence lengths
0: [default0]:INFO:megatron.core.datasets.indexed_dataset:	Extract the sequence pointers
0: [default0]:INFO:megatron.core.datasets.indexed_dataset:	Extract the document indices
0: [default0]:INFO:megatron.core.datasets.indexed_dataset:> total number of sequences: 48965906
0: [default0]:INFO:megatron.core.datasets.indexed_dataset:> total number of documents: 48965906
0: [default0]:INFO:megatron.core.d
0: atasets.gpt_dataset:Load the GPTDataset train indices
0: [default0]:INFO:megatron.core.datasets.gpt_dataset:	Load the document index from c742bf1a79c2b81eea485d8623fbd327-GPTDataset-train-document_index.npy
0: [default0]:INFO:megatron.core.datasets.gpt_dataset:	Load the sample index from c742bf1a79c2b81eea485d8623fbd327-GPTDataset-train-sample_index.npy
0: [default0]:INFO:megatron.core.datasets.gpt_dataset:	Load the shuffle index from c742bf1a79c2b81eea485d8623fbd327-GPTDataset-train-shuffle_index.npy
0: [default0]:INFO:megatron.core.datasets.gpt_dataset:> total number of samples: 8612827
0: [default0]:INFO:megatron.core.datasets.gpt_dataset:Load the GPTDataset valid indices
0: [default0]:INFO:megatron.core.datasets.gpt_dataset:	Load the document index from c00a23d73526ff9bc6799beca2878563-GPTDataset-valid-document_index.npy
0: [default0]:INFO:megatron.core.datasets.gpt_dataset:	Load the sample index from c00a23d73526ff9bc6799beca2878563-GPTDataset-valid-sample_index.npy
0: [default0]:INFO:megatron.core.datasets.gpt_dataset:	Load the shuffle index from c00a23d73526ff9bc6799beca2878563-GPTDataset-valid-shuffle_index.npy
0: [default0]:INFO:megatron.core.datasets.gpt_dataset:> total number of samples: 61644
0: [default0]:> finished creating GPT datasets ...
0: [default3]:INFO:megatron.core.timers:(min, max) time across ranks (ms):
0: [default3]:    model-and-optimizer-setup ......................: (1254.52, 1254.84)
0: [default3]:    train/valid/test-data-iterators-setup ..........: (1057.84, 1073.59)
0: [default0]:[after dataloaders are built] datetime: 2026-05-26 15:57:39.780061 
0: [default0]:done with setup ...
0: [default0]:training ...
0: [default0]:Overwriting rerun_state_machine.current_iteration from -1 to 0...
0: [default0]:[before the start of training step] datetime: 2026-05-26 15:57:39.789345 
0: [default0]:/iopsstor/scratch/cscs/course_00207/lsaie-ss26-gipfelsturm/Megatron-LM/megatron/core/pipeline_parallel/schedules.py:189: UserWarning: The AccumulateGrad node's stream does not match the stream of the node that produced the incoming gradient. This may incur unnecessary synchronization and break CUDA graph capture if the AccumulateGrad node's stream is the default stream. This mismatch is caused by an AccumulateGrad node created prior to the current iteration being kept alive. This can happen if the autograd graph is still being kept alive by tensors such as the loss, or if you are using DDP, which will stash a reference to the node. To resolve the mismatch, delete all references to the autograd graph or ensure that DDP initialization is performed under the same stream as subsequent forwards. If the mismatch is intentional, you can use torch.autograd.graph.set_warn_on_accumulate_grad_stream_mismatch(False) to suppress this warning. (Triggered internally at /opt/pytorch/pytorch/torch/csrc/autograd/inp
0: ut_buffer.cpp:240.)
0: [default0]:  Variable._execution_engine.run_backward(
0: [default3]: [2026-05-26 15:58:08.757305] iteration        1/      50 | consumed samples:          256 | elapsed time per iteration (ms): 28967.8 | throughput per GPU (TFLOP/s/GPU): 419.3 | tokens/sec/GPU: 9050 | learning rate: 3.000000E-05 | global batch size:   256 | lm loss: 1.162335E+01 | loss scale: 1.0 | grad norm: 13.971 | number of skipped iterations:   0 | number of nan iterations:   0 |
0: [default0]:Number of parameters in transformer block in billions:  6.98
0: [default0]:Number of parameters in embedding layers in billions: 0.41
0: [default0]:Total number of parameters in billions: 7.39
0: [default0]:Number of parameters in most loaded shard in billions: 7.3917
0: [default0]:compute_activation_memory_without_sp
0: [default0]:Activation memory footprint per transformer layer (precise, without SP): 1088.0 MB
0: [default0]:Theoretical memory footprints: weight and optimizer=63443.29 MB, activation=37482.97 MB, total=100926.25 MB
0: [default0]:
0: [default0]:[Rank 0] (after 1 iterations) memory (MB) | allocated: 46727.23 | max allocated: 68044.59 | reserved: 72958.00 | max reserved: 72958.00
0: [default0]:/usr/local/lib/python3.12/dist-packages/torch/distributed/c10d_logger.py:83: UserWarning: barrier(): using the device under current context. You can specify `device_id` in `init_process_group` to mute this warning.
0: [default0]:  return func(*args, **kwargs)
0: [default0]:Number of parameters in transformer block in billions:  6.98
0: [default0]:Number of parameters in embedding layers in billions: 0.41
0: [default0]:Total number of parameters in billions: 7.39
0: [default0]:Number of parameters in most loaded shard in billions: 7.3917
0: [default0]:compute_activation_memory_without_sp
0: [default0]:Activation memory footprint per transformer layer (precise, without SP): 1088.0 MB
0: [default0]:Theoretical memory footprints: weight and optimizer=63443.29 MB, activation=37482.97 MB, total=100926.25 MB
0: [default0]:
0: [default0]:[Rank 0] (after 2 iterations) memory (MB) | allocated: 46727.23 | max allocated: 85667.83 | reserved: 89244.00 | max reserved: 89244.00
0: [default3]: [2026-05-26 15:58:33.448503] iteration        2/      50 | consumed samples:          512 | elapsed time per iteration (ms): 26829.4 | throughput per GPU (TFLOP/s/GPU): 452.7 | tokens/sec/GPU: 9771 | learning rate: 6.000000E-05 | global batch size:   256 | lm loss: 1.162525E+01 | loss scale: 1.0 | grad norm: 11.586 | number of skipped iterations:   0 | number of nan iterations:   0 |
0: [default3]: [2026-05-26 15:58:58.100621] iteration        3/      50 | consumed samples:          768 | elapsed time per iteration (ms): 24652.0 | throughput per GPU (TFLOP/s/GPU): 492.7 | tokens/sec/GPU: 10634 | learning rate: 9.000000E-05 | global batch size:   256 | lm loss: 1.608411E+01 | loss scale: 1.0 | grad norm: 333.281 | number of skipped iterations:   0 | number of nan iterations:   0 |
0: [default3]: [2026-05-26 15:59:22.750023] iteration        4/      50 | consumed samples:         1024 | elapsed time per iteration (ms): 24649.3 | throughput per GPU (TFLOP/s/GPU): 492.8 | tokens/sec/GPU: 10635 | learning rate: 1.200000E-04 | global batch size:   256 | lm loss: 1.361923E+01 | loss scale: 1.0 | grad norm: 107.253 | number of skipped iterations:   0 | number of nan iterations:   0 |
0: [default3]: [2026-05-26 15:59:47.385805] iteration        5/      50 | consumed samples:         1280 | elapsed time per iteration (ms): 24635.6 | throughput per GPU (TFLOP/s/GPU): 493.0 | tokens/sec/GPU: 10641 | learning rate: 1.500000E-04 | global batch size:   256 | lm loss: 1.448810E+01 | loss scale: 1.0 | grad norm: 207.606 | number of skipped iterations:   0 | number of nan iterations:   0 |
0: [default3]: [2026-05-26 16:00:11.855180] iteration        6/      50 | consumed samples:         1536 | elapsed time per iteration (ms): 24469.2 | throughput per GPU (TFLOP/s/GPU): 496.4 | tokens/sec/GPU: 10713 | learning rate: 1.800000E-04 | global batch size:   256 | lm loss: 2.029965E+01 | loss scale: 1.0 | grad norm: 102.020 | number of skipped iterations:   0 | number of nan iterations:   0 |
0: [default3]: [2026-05-26 16:00:36.360510] iteration        7/      50 | consumed samples:         1792 | elapsed time per iteration (ms): 24505.2 | throughput per GPU (TFLOP/s/GPU): 495.7 | tokens/sec/GPU: 10698 | learning rate: 2.100000E-04 | global batch size:   256 | lm loss: 1.460948E+01 | loss scale: 1.0 | grad norm: 13.402 | number of skipped iterations:   0 | number of nan iterations:   0 |
0: [default3]: [2026-05-26 16:01:00.741604] iteration        8/      50 | consumed samples:         2048 | elapsed time per iteration (ms): 24381.0 | throughput per GPU (TFLOP/s/GPU): 498.2 | tokens/sec/GPU: 10752 | learning rate: 2.400000E-04 | global batch size:   256 | lm loss: 2.102170E+01 | loss scale: 1.0 | grad norm: 71.904 | number of skipped iterations:   0 | number of nan iterations:   0 |
0: [default3]: [2026-05-26 16:01:33.058980] iteration        9/      50 | consumed samples:         2304 | elapsed time per iteration (ms): 32317.2 | throughput per GPU (TFLOP/s/GPU): 375.8 | tokens/sec/GPU: 8112 | learning rate: 2.700000E-04 | global batch size:   256 | lm loss: 1.881694E+01 | loss scale: 1.0 | grad norm: 68.504 | number of skipped iterations:   0 | number of nan iterations:   0 |
0: [default3]: [2026-05-26 16:02:10.948783] iteration       10/      50 | consumed samples:         2560 | elapsed time per iteration (ms): 37889.7 | throughput per GPU (TFLOP/s/GPU): 320.6 | tokens/sec/GPU: 6919 | learning rate: 3.000000E-04 | global batch size:   256 | lm loss: 1.510065E+01 | loss scale: 1.0 | grad norm: 40.829 | number of skipped iterations:   0 | number of nan iterations:   0 |
0: [default3]: [2026-05-26 16:02:42.179743] iteration       11/      50 | consumed samples:         2816 | elapsed time per iteration (ms): 31230.8 | throughput per GPU (TFLOP/s/GPU): 388.9 | tokens/sec/GPU: 8394 | learning rate: 3.000000E-04 | global batch size:   256 | lm loss: 1.221118E+01 | loss scale: 1.0 | grad norm: 26.304 | number of skipped iterations:   0 | number of nan iterations:   0 |
0: [default3]: [2026-05-26 16:03:19.650423] iteration       12/      50 | consumed samples:         3072 | elapsed time per iteration (ms): 37470.5 | throughput per GPU (TFLOP/s/GPU): 324.1 | tokens/sec/GPU: 6996 | learning rate: 3.000000E-04 | global batch size:   256 | lm loss: 1.113202E+01 | loss scale: 1.0 | grad norm: 6.021 | number of skipped iterations:   0 | number of nan iterations:   0 |
0: [default3]: [2026-05-26 16:03:55.530631] iteration       13/      50 | consumed samples:         3328 | elapsed time per iteration (ms): 35880.1 | throughput per GPU (TFLOP/s/GPU): 338.5 | tokens/sec/GPU: 7306 | learning rate: 3.000000E-04 | global batch size:   256 | lm loss: 1.200303E+01 | loss scale: 1.0 | grad norm: 49.235 | number of skipped iterations:   0 | number of nan iterations:   0 |
0: [default3]: [2026-05-26 16:04:22.451762] iteration       14/      50 | consumed samples:         3584 | elapsed time per iteration (ms): 26921.0 | throughput per GPU (TFLOP/s/GPU): 451.2 | tokens/sec/GPU: 9738 | learning rate: 3.000000E-04 | global batch size:   256 | lm loss: 1.038484E+01 | loss scale: 1.0 | grad norm: 5.256 | number of skipped iterations:   0 | number of nan iterations:   0 |
0: [default3]: [2026-05-26 16:04:51.747370] iteration       15/      50 | consumed samples:         3840 | elapsed time per iteration (ms): 29295.5 | throughput per GPU (TFLOP/s/GPU): 414.6 | tokens/sec/GPU: 8948 | learning rate: 3.000000E-04 | global batch size:   256 | lm loss: 9.983852E+00 | loss scale: 1.0 | grad norm: 10.358 | number of skipped iterations:   0 | number of nan iterations:   0 |
0: [default3]: [2026-05-26 16:05:18.695415] iteration       16/      50 | consumed samples:         4096 | elapsed time per iteration (ms): 26947.9 | throughput per GPU (TFLOP/s/GPU): 450.7 | tokens/sec/GPU: 9728 | learning rate: 3.000000E-04 | global batch size:   256 | lm loss: 9.606000E+00 | loss scale: 1.0 | grad norm: 4.872 | number of skipped iterations:   0 | number of nan iterations:   0 |
0: [default3]: [2026-05-26 16:05:45.317050] iteration       17/      50 | consumed samples:         4352 | elapsed time per iteration (ms): 26621.5 | throughput per GPU (TFLOP/s/GPU): 456.2 | tokens/sec/GPU: 9847 | learning rate: 3.000000E-04 | global batch size:   256 | lm loss: 9.110428E+00 | loss scale: 1.0 | grad norm: 4.773 | number of skipped iterations:   0 | number of nan iterations:   0 |
0: [default3]: [2026-05-26 16:06:10.552588] iteration       18/      50 | consumed samples:         4608 | elapsed time per iteration (ms): 25235.3 | throughput per GPU (TFLOP/s/GPU): 481.3 | tokens/sec/GPU: 10388 | learning rate: 3.000000E-04 | global batch size:   256 | lm loss: 8.665086E+00 | loss scale: 1.0 | grad norm: 4.622 | number of skipped iterations:   0 | number of nan iterations:   0 |
0: [default3]: [2026-05-26 16:06:35.848237] iteration       19/      50 | consumed samples:         4864 | elapsed time per iteration (ms): 25295.5 | throughput per GPU (TFLOP/s/GPU): 480.2 | tokens/sec/GPU: 10363 | learning rate: 3.000000E-04 | global batch size:   256 | lm loss: 8.203322E+00 | loss scale: 1.0 | grad norm: 4.765 | number of skipped iterations:   0 | number of nan iterations:   0 |
0: [default3]: [2026-05-26 16:07:03.094918] iteration       20/      50 | consumed samples:         5120 | elapsed time per iteration (ms): 27246.5 | throughput per GPU (TFLOP/s/GPU): 445.8 | tokens/sec/GPU: 9621 | learning rate: 3.000000E-04 | global batch size:   256 | lm loss: 8.354300E+00 | loss scale: 1.0 | grad norm: 20.318 | number of skipped iterations:   0 | number of nan iterations:   0 |
0: [default3]: [2026-05-26 16:07:27.939708] iteration       21/      50 | consumed samples:         5376 | elapsed time per iteration (ms): 24844.6 | throughput per GPU (TFLOP/s/GPU): 488.9 | tokens/sec/GPU: 10551 | learning rate: 3.000000E-04 | global batch size:   256 | lm loss: 9.354584E+00 | loss scale: 1.0 | grad norm: 40.682 | number of skipped iterations:   0 | number of nan iterations:   0 |
0: [default3]: [2026-05-26 16:08:02.880851] iteration       22/      50 | consumed samples:         5632 | elapsed time per iteration (ms): 34941.0 | throughput per GPU (TFLOP/s/GPU): 347.6 | tokens/sec/GPU: 7502 | learning rate: 3.000000E-04 | global batch size:   256 | lm loss: 8.647065E+00 | loss scale: 1.0 | grad norm: 19.104 | number of skipped iterations:   0 | number of nan iterations:   0 |
0: [default3]: [2026-05-26 16:08:35.774609] iteration       23/      50 | consumed samples:         5888 | elapsed time per iteration (ms): 32893.6 | throughput per GPU (TFLOP/s/GPU): 369.3 | tokens/sec/GPU: 7969 | learning rate: 3.000000E-04 | global batch size:   256 | lm loss: 8.198105E+00 | loss scale: 1.0 | grad norm: 13.745 | number of skipped iterations:   0 | number of nan iterations:   0 |[default3]:
0: [default3]: [2026-05-26 16:09:01.148933] iteration       24/      50 | consumed samples:         6144 | elapsed time per iteration (ms): 25374.2 | throughput per GPU (TFLOP/s/GPU): 478.7 | tokens/sec/GPU: 10331 | learning rate: 3.000000E-04 | global batch size:   256 | lm loss: 7.995471E+00 | loss scale: 1.0 | grad norm: 7.474 | number of skipped iterations:   0 | number of nan iterations:   0 |
0: [default3]: [2026-05-26 16:09:25.468186] iteration       25/      50 | consumed samples:         6400 | elapsed time per iteration (ms): 24318.7 | throughput per GPU (TFLOP/s/GPU): 499.5 | tokens/sec/GPU: 10780 | learning rate: 3.000000E-04 | global batch size:   256 | lm loss: 8.049663E+00 | loss scale: 1.0 | grad norm: 7.062 | number of skipped iterations:   0 | number of nan iterations:   0 |
0: [default3]: [2026-05-26 16:09:51.133360] iteration       26/      50 | consumed samples:         6656 | elapsed time per iteration (ms): 25665.0 | throughput per GPU (TFLOP/s/GPU): 473.3 | tokens/sec/GPU: 10214 | learning rate: 3.000000E-04 | global batch size:   256 | lm loss: 7.929719E+00 | loss scale: 1.0 | grad norm: 4.381 | number of skipped iterations:   0 | number of nan iterations:   0 |
0: [default3]: [2026-05-26 16:10:16.591006] iteration       27/      50 | consumed samples:         6912 | elapsed time per iteration (ms): 25457.5 | throughput per GPU (TFLOP/s/GPU): 477.1 | tokens/sec/GPU: 10297 | learning rate: 3.000000E-04 | global batch size:   256 | lm loss: 7.697178E+00 | loss scale: 1.0 | grad norm: 3.101 | number of skipped iterations:   0 | number of nan iterations:   0 |
0: [default3]: [2026-05-26 16:10:42.681889] iteration       28/      50 | consumed samples:         7168 | elapsed time per iteration (ms): 26090.7 | throughput per GPU (TFLOP/s/GPU): 465.5 | tokens/sec/GPU: 10047 | learning rate: 3.000000E-04 | global batch size:   256 | lm loss: 7.655139E+00 | loss scale: 1.0 | grad norm: 3.027 | number of skipped iterations:   0 | number of nan iterations:   0 |
0: [default3]: [2026-05-26 16:11:09.666461] iteration       29/      50 | consumed samples:         7424 | elapsed time per iteration (ms): 26984.4 | throughput per GPU (TFLOP/s/GPU): 450.1 | tokens/sec/GPU: 9715 | learning rate: 3.000000E-04 | global batch size:   256 | lm loss: 7.724026E+00 | loss scale: 1.0 | grad norm: 5.363 | number of skipped iterations:   0 | number of nan iterations:   0 |
0: [default3]: [2026-05-26 16:11:33.995378] iteration       30/      50 | consumed samples:         7680 | elapsed time per iteration (ms): 24328.8 | throughput per GPU (TFLOP/s/GPU): 499.2 | tokens/sec/GPU: 10775 | learning rate: 3.000000E-04 | global batch size:   256 | lm loss: 7.722030E+00 | loss scale: 1.0 | grad norm: 4.167 | number of skipped iterations:   0 | number of nan iterations:   0 |
0: [default3]: [2026-05-26 16:12:02.457831] iteration       31/      50 | consumed samples:         7936 | elapsed time per iteration (ms): 28462.3 | throughput per GPU (TFLOP/s/GPU): 426.7 | tokens/sec/GPU: 9210 | learning rate: 3.000000E-04 | global batch size:   256 | lm loss: 7.611931E+00 | loss scale: 1.0 | grad norm: 2.500 | number of skipped iterations:   0 | number of nan iterations:   0 |
0: [default3]: [2026-05-26 16:12:29.066199] iteration       32/      50 | consumed samples:         8192 | elapsed time per iteration (ms): 26608.2 | throughput per GPU (TFLOP/s/GPU): 456.5 | tokens/sec/GPU: 9852 | learning rate: 3.000000E-04 | global batch size:   256 | lm loss: 7.508983E+00 | loss scale: 1.0 | grad norm: 2.356 | number of skipped iterations:   0 | number of nan iterations:   0 |
0: [default3]: [2026-05-26 16:12:53.429263] iteration       33/      50 | consumed samples:         8448 | elapsed time per iteration (ms): 24362.9 | throughput per GPU (TFLOP/s/GPU): 498.5 | tokens/sec/GPU: 10760 | learning rate: 3.000000E-04 | global batch size:   256 | lm loss: 7.556779E+00 | loss scale: 1.0 | grad norm: 3.029 | number of skipped iterations:   0 | number of nan iterations:   0 |
0: [default3]: [2026-05-26 16:13:18.539426] iteration       34/      50 | consumed samples:         8704 | elapsed time per iteration (ms): 25110.0 | throughput per GPU (TFLOP/s/GPU): 483.7 | tokens/sec/GPU: 10440 | learning rate: 3.000000E-04 | global batch size:   256 | lm loss: 7.534805E+00 | loss scale: 1.0 | grad norm: 2.745 | number of skipped iterations:   0 | number of nan iterations:   0 |
0: [default3]: [2026-05-26 16:13:42.913536] iteration       35/      50 | consumed samples:         8960 | elapsed time per iteration (ms): 24374.0 | throughput per GPU (TFLOP/s/GPU): 498.3 | tokens/sec/GPU: 10755 | learning rate: 3.000000E-04 | global batch size:   256 | lm loss: 7.492243E+00 | loss scale: 1.0 | grad norm: 1.876 | number of skipped iterations:   0 | number of nan iterations:   0 |
0: [default3]: [2026-05-26 16:14:07.303530] iteration       36/      50 | consumed samples:         9216 | elapsed time per iteration (ms): 24389.8 | throughput per GPU (TFLOP/s/GPU): 498.0 | tokens/sec/GPU: 10748 | learning rate: 3.000000E-04 | global batch size:   256 | lm loss: 7.443185E+00 | loss scale: 1.0 | grad norm: 3.033 | number of skipped iterations:   0 | number of nan iterations:   0 |
0: [default3]: [2026-05-26 16:14:33.136189] iteration       37/      50 | consumed samples:         9472 | elapsed time per iteration (ms): 25832.5 | throughput per GPU (TFLOP/s/GPU): 470.2 | tokens/sec/GPU: 10148 | learning rate: 3.000000E-04 | global batch size:   256 | lm loss: 7.508111E+00 | loss scale: 1.0 | grad norm: 2.060 | number of skipped iterations:   0 | number of nan iterations:   0 |
0: [default3]: [2026-05-26 16:14:57.556980] iteration       38/      50 | consumed samples:         9728 | elapsed time per iteration (ms): 24420.6 | throughput per GPU (TFLOP/s/GPU): 497.4 | tokens/sec/GPU: 10735 | learning rate: 3.000000E-04 | global batch size:   256 | lm loss: 7.457425E+00 | loss scale: 1.0 | grad norm: 1.782 | number of skipped iterations:   0 | number of nan iterations:   0 |
0: [default3]: [2026-05-26 16:15:22.299916] iteration       39/      50 | consumed samples:         9984 | elapsed time per iteration (ms): 24742.8 | throughput per GPU (TFLOP/s/GPU): 490.9 | tokens/sec/GPU: 10595 | learning rate: 3.000000E-04 | global batch size:   256 | lm loss: 7.474664E+00 | loss scale: 1.0 | grad norm: 1.628 | number of skipped iterations:   0 | number of nan iterations:   0 |
0: [default3]: [2026-05-26 16:15:47.080499] iteration       40/      50 | consumed samples:        10240 | elapsed time per iteration (ms): 24780.4 | throughput per GPU (TFLOP/s/GPU): 490.1 | tokens/sec/GPU: 10579 | learning rate: 3.000000E-04 | global batch size:   256 | lm loss: 7.480489E+00 | loss scale: 1.0 | grad norm: 1.980 | number of skipped iterations:   0 | number of nan iterations:   0 |
0: [default3]: [2026-05-26 16:16:13.759534] iteration       41/      50 | consumed samples:        10496 | elapsed time per iteration (ms): 26678.9 | throughput per GPU (TFLOP/s/GPU): 455.3 | tokens/sec/GPU: 9826 | learning rate: 3.000000E-04 | global batch size:   256 | lm loss: 7.350246E+00 | loss scale: 1.0 | grad norm: 1.903 | number of skipped iterations:   0 | number of nan iterations:   0 |
0: [default3]: [2026-05-26 16:16:45.383590] iteration       42/      50 | consumed samples:        10752 | elapsed time per iteration (ms): 31623.9 | throughput per GPU (TFLOP/s/GPU): 384.1 | tokens/sec/GPU: 8289 | learning rate: 3.000000E-04 | global batch size:   256 | lm loss: 7.371773E+00 | loss scale: 1.0 | grad norm: 1.266 | number of skipped iterations:   0 | number of nan iterations:   0 |
0: [2026-05-26T16:16:47.006] error: *** STEP 2396831.0 ON nid006630 CANCELLED AT 2026-05-26T16:16:47 DUE TO TIME LIMIT ***
[2026-05-26T16:16:47.006] error: *** JOB 2396831 ON nid006630 CANCELLED AT 2026-05-26T16:16:47 DUE TO TIME LIMIT ***
srun: Job step aborted: Waiting up to 32 seconds for job step to finish.
0: W0526 16:16:47.008000 227511 torch/distributed/elastic/agent/server/api.py:739] Received 15 death signal, shutting down workers
0: W0526 16:16:47.009000 227511 torch/distributed/elastic/multiprocessing/api.py:1010] Sending process 227999 closing signal SIGTERM
0: W0526 16:16:47.013000 227511 torch/distributed/elastic/multiprocessing/api.py:1010] Sending process 228000 closing signal SIGTERM
0: W0526 16:16:47.017000 227511 torch/distributed/elastic/multiprocessing/api.py:1010] Sending process 228001 closing signal SIGTERM
0: W0526 16:16:47.021000 227511 torch/distributed/elastic/multiprocessing/api.py:1010] Sending process 228000 closing signal SIGTERM
0: W0526 16:16:47.022000 227511 torch/distributed/elastic/multiprocessing/api.py:1010] Sending process 228001 closing signal SIGTERM
0: W0526 16:16:47.022000 227511 torch/distributed/elastic/multiprocessing/api.py:1010] Sending process 228002 closing signal SIGTERM
0: [default0]:Stack (most recent call first):
0: [default2]:Stack (most recent call first):
0: [default2]:  File "/iopsstor/scratch/cscs/course_00207/lsaie-ss26-gipfelsturm/Megatron-LM/megatron/core/pipeline_parallel/schedules.py", line 189 in custom_backward
0: [default0]:  File "/iopsstor/scratch/cscs/course_00207/lsaie-ss26-gipfelsturm/Megatron-LM/megatron/core/pipeline_parallel/schedules.py", line 189 in custom_backward
0: [default3]:Stack (most recent call first):
0: [default3]:  File "/iopsstor/scratch/cscs/course_00207/lsaie-ss26-gipfelsturm/Megatron-LM/megatron/core/pipeline_parallel/schedules.py", line 189 in custom_backward
0: [default0]:  File "/iopsstor/scratch/cscs/course_00207/lsaie-ss26-gipfelsturm/Megatron-LM/megatron/core/pipeline_parallel/schedules.py", line 487 in backward_step
0: [default2]:  File "/iopsstor/scratch/cscs/course_00207/lsaie-ss26-gipfelsturm/Megatron-LM/megatron/core/pipeline_parallel/schedules.py", line 487 in backward_step
0: [default3]:  File "/iopsstor/scratch/cscs/course_00207/lsaie-ss26-gipfelsturm/Megatron-LM/megatron/core/pipeline_parallel/schedules.py", line 487 in backward_step
0: [default1]:Stack (most recent call first):
0: [default1]:  File "/iopsstor/scratch/cscs/course_00207/lsaie-ss26-gipfelsturm/Megatron-LM/megatron/core/pipeline_parallel/schedules.py", line 189 in custom_backward
0: [default2]:  File "/iopsstor/scratch/cscs/course_00207/lsaie-ss26-gipfelsturm/Megatron-LM/megatron/core/pipeline_parallel/schedules.py", line 651 in forward_backward_no_pipelining
0: [default3]:  File "/iopsstor/scratch/cscs/course_00207/lsaie-ss26-gipfelsturm/Megatron-LM/megatron/core/pipeline_parallel/schedules.py", line 651 in forward_backward_no_pipelining
0: [default1]:  File "/iopsstor/scratch/cscs/course_00207/lsaie-ss26-gipfelsturm/Megatron-LM/megatron/core/pipeline_parallel/schedules.py", line 487 in backward_step
0: [default2]:  File "/iopsstor/scratch/cscs/course_00207/lsaie-ss26-gipfelsturm/Megatron-LM/megatron/training/training.py", line 1652 in train_step
0: [default0]:  File "/iopsstor/scratch/cscs/course_00207/lsaie-ss26-gipfelsturm/Megatron-LM/megatron/core/pipeline_parallel/schedules.py", line 651 in forward_backward_no_pipelining
0: [default0]:  File "/iopsstor/scratch/cscs/course_00207/lsaie-ss26-gipfelsturm/Megatron-LM/megatron/training/training.py", line 1652 in train_step
0: [default3]:  File "/iopsstor/scratch/cscs/course_00207/lsaie-ss26-gipfelsturm/Megatron-LM/megatron/training/training.py", line 1652 in train_step
0: [default0]:  File "/iopsstor/scratch/cscs/course_00207/lsaie-ss26-gipfelsturm/Megatron-LM/megatron/training/training.py", line 2801 in train
0: [default3]:  File "/iopsstor/scratch/cscs/course_00207/lsaie-ss26-gipfelsturm/Megatron-LM/megatron/training/training.py", line 2801 in train
0: [default2]:  File "/iopsstor/scratch/cscs/course_00207/lsaie-ss26-gipfelsturm/Megatron-LM/megatron/training/training.py", line 2801 in train
0: [default1]:  File "/iopsstor/scratch/cscs/course_00207/lsaie-ss26-gipfelsturm/Megatron-LM/megatron/core/pipeline_parallel/schedules.py", line 651 in forward_backward_no_pipelining
0: [default0]:  File "/iopsstor/scratch/cscs/course_00207/lsaie-ss26-gipfelsturm/Megatron-LM/megatron/training/training.py", line 1031 in pretrain
0: [default2]:  File "/iopsstor/scratch/cscs/course_00207/lsaie-ss26-gipfelsturm/Megatron-LM/megatron/training/training.py", line 1031 in pretrain
0: [default3]:  File "/iopsstor/scratch/cscs/course_00207/lsaie-ss26-gipfelsturm/Megatron-LM/megatron/training/training.py", line 1031 in pretrain
0: [default1]:  File "/iopsstor/scratch/cscs/course_00207/lsaie-ss26-gipfelsturm/Megatron-LM/megatron/training/training.py", line 1652 in train_step
0: [default2]:  File "/iopsstor/scratch/cscs/course_00207/lsaie-ss26-gipfelsturm/Megatron-LM/pretrain_gpt.py", line 342 in <module>
0: [default0]:  File "/iopsstor/scratch/cscs/course_00207/lsaie-ss26-gipfelsturm/Megatron-LM/pretrain_gpt.py", line 342 in <module>
0: [default1]:  File "/iopsstor/scratch/cscs/course_00207/lsaie-ss26-gipfelsturm/Megatron-LM/megatron/training/training.py", line 2801 in train
0: [default2]:  File "<frozen runpy>", line 88 in _run_code
0: [default0]:  File "<frozen runpy>", line 88 in _run_code
0: [default3]:  File "/iopsstor/scratch/cscs/course_00207/lsaie-ss26-gipfelsturm/Megatron-LM/pretrain_gpt.py", line 342 in <module>
0: [default1]:  File "/iopsstor/scratch/cscs/course_00207/lsaie-ss26-gipfelsturm/Megatron-LM/megatron/training/training.py", line 1031 in pretrain
0: [default0]:  File "<frozen runpy>", line 98 in _run_module_code
0: [default3]:  File "<frozen runpy>", line 88 in _run_code
0: [default2]:  File "<frozen runpy>", line 98 in _run_module_code
0: [default2]:  File "<frozen runpy>", line 286 in run_path
0: [default0]:  File "<frozen runpy>", line 286 in run_path
0: [default3]:  File "<frozen runpy>", line 98 in _run_module_code
0: [default0]:  File "/iopsstor/scratch/cscs/course_00207/lsaie-ss26-gipfelsturm/pretrain_gpt_liger.py", line 37 in <module>
0: [default2]:  File "/iopsstor/scratch/cscs/course_00207/lsaie-ss26-gipfelsturm/pretrain_gpt_liger.py", line 37 in <module>
0: [default1]:  File "/iopsstor/scratch/cscs/course_00207/lsaie-ss26-gipfelsturm/Megatron-LM/pretrain_gpt.py", line 342 in <module>
0: [default1]:  File "<frozen runpy>", line 88 in _run_code
0: [default1]:  File "<frozen runpy>", line 98 in _run_module_code
0: [default1]:  File "<frozen runpy>", line 286 in run_path
0: [default3]:  File "<frozen runpy>", line 286 in run_path
0: [default1]:  File "/iopsstor/scratch/cscs/course_00207/lsaie-ss26-gipfelsturm/pretrain_gpt_liger.py", line 37 in <module>
0: [default3]:  File "/iopsstor/scratch/cscs/course_00207/lsaie-ss26-gipfelsturm/pretrain_gpt_liger.py", line 37 in <module>
0: Traceback (most recent call last):
0:   File "/usr/local/lib/python3.12/dist-packages/torch/distributed/elastic/agent/server/api.py", line 731, in run
0:     result = self._invoke_run(role)
0:              ^^^^^^^^^^^^^^^^^^^^^^
0:   File "/usr/local/lib/python3.12/dist-packages/torch/distributed/elastic/agent/server/api.py", line 908, in _invoke_run
0:     time.sleep(monitor_interval)
0:   File "/usr/local/lib/python3.12/dist-packages/torch/distributed/elastic/multiprocessing/api.py", line 86, in _terminate_process_handler
0:     raise SignalException(f"Process {os.getpid()} got signal: {sigval}", sigval=sigval)
0: torch.distributed.elastic.multiprocessing.api.SignalException: Process 227511 got signal: 15
0: 
0: During handling of the above exception, another exception occurred:
0: 
0: Traceback (most recent call last):
0:   File "/usr/local/bin/torchrun", line 7, in <module>
0:     sys.exit(main())
0:              ^^^^^^
0:   File "/usr/local/lib/python3.12/dist-packages/torch/distributed/elastic/multiprocessing/errors/__init__.py", line 362, in wrapper
0:     return f(*args, **kwargs)
0:            ^^^^^^^^^^^^^^^^^^
0:   File "/usr/local/lib/python3.12/dist-packages/torch/distributed/run.py", line 991, in main
0:     run(args)
0:   File "/usr/local/lib/python3.12/dist-packages/torch/distributed/run.py", line 982, in run
0:     elastic_launch(
0:   File "/usr/local/lib/python3.12/dist-packages/torch/distributed/launcher/api.py", line 170, in __call__
0:     return launch_agent(self._config, self._entrypoint, list(args))
0:            ^^^^^^^^^^^^^^^^^^^^^^^^^^^^^^^^^^^^^^^^^^^^^^^^^^^^^^^^
0:   File "/usr/local/lib/python3.12/dist-packages/torch/distributed/launcher/api.py", line 308, in launch_agent
0:     result = agent.run()
0:              ^^^^^^^^^^^
0:   File "/usr/local/lib/python3.12/dist-packages/torch/distributed/elastic/metrics/api.py", line 134, in wrapper
0:     result = f(*args, **kwargs)
0:              ^^^^^^^^^^^^^^^^^^
0:   File "/usr/local/lib/python3.12/dist-packages/torch/distributed/elastic/agent/server/api.py", line 740, in run
0:     self._shutdown(e.sigval)
0:   File "/usr/local/lib/python3.12/dist-packages/torch/distributed/elastic/agent/server/local_elastic_agent.py", line 413, in _shutdown
0:     self._pcontext.close(death_sig)
0:   File "/usr/local/lib/python3.12/dist-packages/torch/distributed/elastic/multiprocessing/api.py", line 659, in close
0:     self._close(death_sig=death_sig, timeout=timeout)
0:   File "/usr/local/lib/python3.12/dist-packages/torch/distributed/elastic/multiprocessing/api.py", line 1015, in _close
0:     handler.close(death_sig=death_sig)
0:   File "/usr/local/lib/python3.12/dist-packages/torch/distributed/elastic/multiprocessing/subprocess_handler/subprocess_handler.py", line 89, in close
0:     self._stderr.close()
0:   File "/usr/local/lib/python3.12/dist-packages/torch/distributed/elastic/multiprocessing/api.py", line 86, in _terminate_process_handler
0:     raise SignalException(f"Process {os.getpid()} got signal: {sigval}", sigval=sigval)
0: torch.distributed.elastic.multiprocessing.api.SignalException: Process 227511 got signal: 15
